통계표,계정항목,지역코드,단위,변환,2013/01,2013/02,2013/03,2013/04,2013/05,2013/06,2013/07,2013/08,2013/09,2013/10,2013/11,2013/12,2014/01,2014/02,2014/03,2014/04,2014/05,2014/06,2014/07,2014/08,2014/09,2014/10,2014/11,2014/12,2015/01,2015/02,2015/03,2015/04,2015/05,2015/06,2015/07,2015/08,2015/09,2015/10,2015/11,2015/12,2016/01,2016/02,2016/03,2016/04,2016/05,2016/06,2016/07,2016/08,2016/09,2016/10,2016/11,2016/12,2017/01,2017/02,2017/03,2017/04,2017/05,2017/06,2017/07,2017/08,2017/09,2017/10,2017/11,2017/12,2018/01,2018/02,2018/03,2018/04,2018/05,2018/06,2018/07,2018/08,2018/09,2018/10,2018/11,2018/12,2019/01,2019/02,2019/03,2019/04,2019/05,2019/06,2019/07,2019/08,2019/09,2019/10,2019/11,2019/12,2020/01,2020/02,2020/03,2020/04,2020/05,2020/06,2020/07,2020/08,2020/09,2020/10,2020/11,2020/12,2021/01,2021/02,2021/03,2021/04,2021/05,2021/06,2021/07,2021/08,2021/09,2021/10,2021/11,2021/12,2022/01,2022/02,2022/03,2022/04,2022/05,2022/06,2022/07,2022/08,2022/09,2022/10,2022/11,2022/12,2023/01,2023/02,2023/03,2023/04,2023/05,2023/06,2023/07,2023/08,2023/09,2023/10,2023/11,2023/12,2024/01,2024/02,2024/03,2024/04,2024/05,2024/06,2024/07,2024/08,2024/09,2024/10,2024/11,2024/12
"1.2.3.4.2. 예금은행 지역별 가계대출(말잔)","예금은행","전국","십억원","원자료","463,841.6","462,261.1","462,379.7","463,320.4","465,923.5","470,650.1","470,745.8","472,589.1","472,739.5","475,202.5","478,229.9","481,131.3","478,516.4","480,357.0","481,280.5","484,084.2","486,034.3","489,581.6","492,618.6","497,639.4","501,922.8","508,290.8","514,241.8","519,636.8","520,054.3","523,445.6","527,436.2","536,171.1","537,792.3","527,229.6","528,315.2","536,144.6","541,547.6","550,156.7","556,491.8","563,727.8","564,643.7","565,824.6","569,313.2","573,976.1","580,526.9","586,682.0","591,874.6","599,211.8","603,924.0","609,446.9","616,512.9","617,420.3","615,331.5","616,574.5","618,472.4","621,098.2","625,663.6","630,477.2","635,026.2","640,923.0","645,459.2","651,249.3","657,251.6","660,677.8","662,924.0","665,133.2","668,858.6","673,131.6","677,460.0","681,706.3","685,639.9","691,369.4","695,920.8","702,490.3","708,809.7","713,084.9","713,743.0","716,032.7","718,745.2","722,700.1","727,411.6","732,050.7","738,213.3","745,805.3","750,704.1","758,262.3","764,609.8","767,718.8","768,736.4","772,063.2","780,604.9","785,729.9","789,444.8","794,967.3","800,828.5","811,881.2","820,959.0","830,864.1","843,887.8","849,869.4","856,522.3","863,052.5","868,519.9","881,386.1","877,599.4","880,906.2","889,869.0","895,458.4","901,963.8","907,394.6","910,489.9","910,104.9","909,297.2","908,074.0","905,600.2","906,130.3","905,727.1","905,484.4","904,032.0","903,809.1","902,946.1","902,667.0","902,097.8","902,574.8","898,174.1","895,253.1","890,451.5","888,629.2","891,028.1","894,500.1","898,219.0","901,841.1","904,548.2","909,710.1","914,209.6","915,958.7","919,685.2","921,520.3","919,202.8","924,583.8","930,889.4","936,505.0","942,675.3","952,792.7","959,175.6","962,163.6","965,184.3","966,097.2"
"1.2.3.4.2. 예금은행 지역별 가계대출(말잔)","예금은행","서울","십억원","원자료","175,082.3","174,498.2","174,200.7","174,637.3","175,390.8","176,288.1","176,455.3","177,067.0","176,907.9","177,635.8","178,360.5","178,680.9","177,913.1","179,093.7","179,429.8","179,265.7","179,632.0","180,580.6","181,694.5","182,838.9","184,249.7","186,206.2","188,203.4","189,680.1","189,694.1","190,796.3","192,721.8","195,837.1","196,106.9","193,178.7","193,915.1","196,322.4","198,213.4","201,129.3","203,049.1","205,092.6","205,296.8","205,957.0","206,806.4","207,808.2","209,930.0","211,880.7","213,391.0","216,015.0","217,478.3","219,312.8","221,987.3","221,765.7","220,821.5","220,672.7","220,617.9","221,426.6","222,927.3","224,768.7","227,469.9","230,997.6","232,271.1","234,410.7","237,018.3","238,196.5","239,190.4","239,632.9","241,036.3","242,900.6","244,660.4","245,744.6","247,169.5","249,245.6","251,547.8","254,393.4","256,775.7","257,626.8","256,885.8","257,365.0","258,154.6","259,680.8","261,748.6","263,417.0","265,963.2","269,423.7","271,268.1","274,102.3","276,243.6","277,978.7","278,623.0","280,797.6","284,821.7","286,316.8","288,171.8","290,795.0","293,846.6","298,771.6","303,023.1","307,478.0","312,736.3","314,963.4","318,912.2","321,493.4","324,146.7","332,640.9","330,308.3","332,139.4","338,603.0","340,884.3","343,981.5","346,925.1","349,359.1","349,914.7","349,757.8","353,496.4","352,801.2","353,689.7","353,971.6","354,430.4","353,800.7","353,680.2","353,476.6","352,820.6","351,870.3","350,068.9","346,883.5","345,205.8","343,333.4","344,046.9","345,029.8","346,319.9","347,881.8","349,838.1","350,694.1","352,826.1","354,988.2","355,469.3","357,452.4","359,040.5","358,349.6","360,177.7","362,744.0","364,805.7","366,939.6","370,964.2","373,053.4","374,476.5","375,705.4","375,456.3"
"1.2.3.4.2. 예금은행 지역별 가계대출(말잔)","예금은행","부산","십억원","원자료","27,971.2","27,967.7","28,076.1","28,196.3","28,434.5","28,873.2","28,914.3","29,077.2","29,003.7","29,183.3","29,409.5","29,626.3","29,530.5","29,468.6","29,555.4","29,721.4","29,879.2","30,216.2","30,398.7","30,576.7","30,882.2","31,454.4","31,886.6","32,305.3","32,299.1","32,633.0","32,808.3","33,442.1","33,676.4","33,106.7","33,229.9","33,764.7","34,125.2","34,759.1","35,264.9","35,897.3","35,837.4","35,806.5","36,061.2","36,616.6","37,218.3","37,720.2","38,082.4","38,613.0","38,969.0","39,504.0","40,022.6","40,196.0","40,241.9","40,715.2","40,968.2","41,241.8","41,713.5","42,243.6","42,641.9","43,044.7","43,265.8","43,856.0","44,283.9","44,573.6","44,865.2","45,176.2","45,427.4","45,556.6","46,059.8","46,636.9","46,790.9","47,298.0","47,656.8","48,152.9","48,786.8","49,111.2","49,097.1","49,276.9","49,410.5","49,647.3","49,770.9","50,101.0","50,412.7","51,047.9","51,390.1","51,796.7","52,342.4","52,611.7","52,570.7","52,651.5","53,216.4","53,332.4","53,230.8","53,511.9","53,962.5","54,711.2","55,600.1","56,403.9","57,702.9","58,433.2","58,955.2","59,541.9","59,880.1","60,282.4","60,441.1","60,540.4","60,943.3","61,249.8","61,587.5","62,008.0","62,003.0","61,904.2","61,646.3","61,389.2","61,171.2","61,275.6","61,117.8","61,408.3","61,294.4","61,277.0","61,156.8","61,100.6","61,281.0","61,668.1","61,562.4","61,628.1","61,260.8","61,084.9","61,005.7","60,988.6","61,526.7","61,608.9","62,032.2","62,421.1","62,384.4","62,562.7","62,850.3","62,879.8","62,914.1","63,287.9","63,611.7","63,607.3","63,904.8","64,551.7","65,142.3","65,402.4","65,461.3","65,518.2"
"1.2.3.4.2. 예금은행 지역별 가계대출(말잔)","예금은행","대구","십억원","원자료","14,992.9","14,913.1","15,008.2","15,121.9","15,188.9","15,480.5","15,478.5","15,582.2","15,680.9","15,770.6","15,923.3","16,229.4","16,085.5","16,204.5","16,322.9","16,535.0","16,623.7","16,901.8","17,211.7","17,596.3","18,016.8","18,494.2","18,891.2","19,301.2","19,492.4","19,881.9","20,191.9","20,701.6","21,090.8","21,409.0","21,658.6","22,212.9","22,430.0","22,979.3","23,227.9","23,623.3","23,779.5","23,838.0","23,972.3","24,160.8","24,450.3","24,672.1","24,699.0","24,897.1","25,091.9","25,258.6","25,444.2","25,414.4","25,204.2","25,231.7","25,229.7","25,355.7","25,476.8","25,426.6","25,478.4","25,488.5","25,491.4","25,578.6","25,794.2","25,872.7","25,985.0","25,962.7","25,988.6","26,030.2","26,039.0","26,213.0","26,225.2","26,507.8","26,575.6","26,900.1","27,083.7","27,369.6","27,616.4","27,752.0","27,914.9","27,962.5","28,157.0","28,416.3","28,643.6","29,045.0","29,474.1","29,933.6","30,180.9","30,471.1","30,811.4","30,977.1","31,250.1","31,498.9","31,709.0","32,161.2","32,346.5","32,710.5","33,183.1","33,764.5","34,745.6","34,974.2","35,544.9","35,968.1","36,296.0","36,866.6","36,897.4","37,387.9","37,875.7","38,215.9","38,474.6","38,734.1","38,820.3","38,845.1","38,913.1","38,846.3","38,771.6","38,720.5","38,741.9","38,632.6","38,766.7","38,938.7","39,011.5","39,161.6","39,278.1","39,623.3","39,627.5","39,669.0","39,528.8","39,348.2","39,708.5","40,158.8","40,630.0","40,794.0","40,999.4","41,139.4","41,506.3","41,531.0","41,610.2","41,634.6","41,618.4","41,891.5","42,177.0","42,225.7","42,324.2","42,546.2","42,807.4","43,010.4","43,130.3","43,052.2"
"1.2.3.4.2. 예금은행 지역별 가계대출(말잔)","예금은행","인천","십억원","원자료","31,008.2","30,771.6","30,853.3","30,796.9","30,970.2","31,037.6","30,881.1","30,799.5","30,734.9","30,692.3","30,852.5","30,950.9","30,860.1","30,740.6","30,651.2","30,617.0","30,743.4","30,832.8","30,913.1","31,227.0","31,498.9","31,780.9","32,081.0","32,443.4","32,433.5","32,523.6","32,538.7","32,975.5","32,884.5","31,432.4","31,229.2","31,696.2","32,098.8","32,517.3","32,799.4","33,087.2","33,044.5","32,967.5","33,117.0","33,444.5","33,827.6","34,177.1","34,768.6","35,380.9","35,744.6","36,023.6","36,378.6","36,471.8","36,128.2","36,253.3","36,486.1","36,716.8","37,173.4","37,356.2","37,768.6","38,067.3","38,710.9","39,094.6","39,330.7","39,555.5","39,605.2","39,725.2","39,920.7","40,064.1","40,354.9","40,482.7","40,799.1","41,035.7","41,064.8","41,290.4","41,801.5","42,339.4","42,503.6","42,695.7","42,855.1","43,143.2","43,767.6","44,081.9","44,537.9","44,874.5","45,224.4","45,612.0","45,972.4","46,031.8","45,905.4","45,866.4","46,234.9","46,584.6","46,902.7","47,035.9","47,268.3","48,003.3","48,320.7","48,693.3","49,216.3","49,449.8","49,925.7","50,047.5","50,333.9","50,709.0","50,678.8","50,911.4","51,267.3","51,741.8","52,208.9","52,511.4","52,842.0","52,889.1","52,698.6","52,307.7","52,133.4","52,257.2","52,365.0","52,488.5","52,630.5","52,840.5","53,088.6","53,332.2","53,292.7","53,480.8","53,501.2","53,190.4","53,438.1","53,154.8","53,361.9","53,506.1","53,511.7","53,554.8","53,739.0","54,264.7","54,772.5","54,997.4","55,070.8","55,035.2","55,084.4","55,321.8","55,644.9","56,065.3","56,314.1","56,528.9","56,855.9","56,864.9","56,922.9","56,965.0"
"1.2.3.4.2. 예금은행 지역별 가계대출(말잔)","예금은행","광주","십억원","원자료","7,925.2","7,966.8","8,031.3","8,034.9","8,197.4","8,294.6","8,336.7","8,474.3","8,496.3","8,463.1","8,647.3","8,870.2","8,619.3","8,575.5","8,545.3","8,585.4","8,573.0","8,636.1","8,717.9","8,753.8","8,901.8","9,019.3","9,166.6","9,342.2","9,348.4","9,459.1","9,537.8","9,783.7","9,852.1","9,932.1","9,879.8","10,001.0","10,105.7","10,390.3","10,566.9","10,784.5","10,782.1","10,791.8","10,833.9","10,998.8","11,116.8","11,245.3","11,388.1","11,515.9","11,578.4","11,614.1","11,734.3","11,840.6","11,664.6","11,616.7","11,686.2","11,671.8","11,756.4","11,746.7","11,776.9","11,891.1","12,002.6","12,111.1","12,314.0","12,450.3","12,609.0","12,682.2","12,842.9","12,997.5","13,178.3","13,222.1","13,375.3","13,650.0","13,807.0","14,018.0","14,253.8","14,401.7","14,447.3","14,579.2","14,753.3","14,887.3","14,991.0","15,131.9","15,357.1","15,542.8","15,752.0","16,099.5","16,338.1","16,516.7","16,581.6","16,454.6","16,623.4","16,894.5","17,184.6","17,234.9","17,599.3","17,745.7","17,963.9","18,100.0","18,497.5","18,648.3","18,851.4","19,015.0","19,106.1","19,357.4","19,357.9","19,388.6","19,742.1","19,872.2","20,091.8","20,134.5","20,219.6","20,313.1","20,409.0","20,154.8","20,192.4","20,137.9","20,120.2","20,046.3","19,978.0","19,874.9","19,839.3","19,918.1","19,947.7","19,938.6","19,930.0","19,689.9","19,607.0","19,628.6","19,655.9","19,653.3","19,661.7","19,808.0","20,037.7","20,276.4","20,432.5","20,506.7","20,801.5","20,820.2","20,834.3","21,075.8","21,294.3","21,481.2","21,542.3","21,782.7","21,724.3","21,539.5","21,636.4","21,769.9"
"1.2.3.4.2. 예금은행 지역별 가계대출(말잔)","예금은행","대전","십억원","원자료","11,402.1","11,471.3","11,530.2","11,604.4","11,732.0","11,978.4","11,973.8","12,013.6","12,096.6","12,154.6","12,296.9","12,347.7","12,241.4","12,293.4","12,316.2","12,316.5","12,341.5","12,481.9","12,543.5","12,617.3","12,680.1","12,781.5","12,850.9","12,925.3","12,895.1","12,947.4","13,040.8","13,273.9","13,244.3","12,785.2","12,754.7","13,087.3","13,008.3","13,223.3","13,293.6","13,429.1","13,426.8","13,367.5","13,492.8","13,481.0","13,607.5","13,759.4","13,926.6","14,013.6","14,048.2","14,188.7","14,406.9","14,374.9","14,318.2","14,361.8","14,387.5","14,310.3","14,476.8","14,560.6","14,648.5","14,713.5","14,871.7","15,045.5","15,141.7","15,160.6","15,279.1","15,267.1","15,266.3","15,292.6","15,360.3","15,448.3","15,563.4","15,699.9","15,748.8","15,805.1","15,899.4","16,069.5","16,097.6","16,089.4","16,104.7","16,183.7","16,261.1","16,311.0","16,432.3","16,589.0","16,809.6","16,987.4","17,196.3","17,358.2","17,378.2","17,547.9","17,567.7","17,747.1","17,779.4","17,920.4","18,163.4","18,368.5","18,631.2","18,939.5","19,253.0","19,380.7","19,490.9","19,686.5","19,705.7","19,973.0","19,938.5","20,021.0","20,036.5","20,196.7","20,306.1","20,369.2","20,111.1","20,020.9","20,167.1","19,941.7","19,861.2","19,525.0","19,467.6","19,283.9","19,210.6","19,080.3","19,047.3","19,040.6","19,027.4","18,959.4","18,835.7","18,812.7","18,671.3","18,626.4","18,695.4","18,727.2","18,793.8","18,894.6","18,937.6","19,186.9","19,102.1","19,149.5","19,119.7","19,430.3","19,422.4","19,450.3","19,526.5","19,761.0","19,948.6","20,304.4","20,652.1","20,849.0","21,077.7","21,291.9"
"1.2.3.4.2. 예금은행 지역별 가계대출(말잔)","예금은행","울산","십억원","원자료","6,692.1","6,690.3","6,716.8","6,801.2","6,980.6","7,093.2","7,137.5","7,191.3","7,198.0","7,293.2","7,387.5","7,363.1","7,327.4","7,384.9","7,399.5","7,500.0","7,631.7","7,782.2","7,859.0","8,001.5","8,140.3","8,275.1","8,433.1","8,530.9","8,543.8","8,641.0","8,717.8","8,973.1","9,040.2","8,882.2","8,980.7","9,245.6","9,335.6","9,455.9","9,584.7","9,738.2","9,702.2","9,710.1","9,867.9","10,033.8","10,165.1","10,250.3","10,357.5","10,503.8","10,691.2","10,752.4","10,824.5","10,824.9","10,827.3","10,955.3","11,016.4","11,097.3","11,314.0","11,431.2","11,601.2","11,735.0","11,713.4","11,816.3","11,821.8","11,870.7","11,778.8","11,772.9","11,763.4","11,791.2","11,821.6","11,877.8","11,902.7","11,924.9","11,905.2","11,920.9","11,942.6","11,922.5","11,944.5","11,961.6","11,983.8","11,980.4","12,009.0","11,983.4","12,051.2","12,059.0","12,022.4","12,067.9","12,148.2","12,097.2","12,072.8","12,009.9","12,099.2","12,191.4","12,187.5","12,219.4","12,232.1","12,344.3","12,428.5","12,579.1","12,720.9","12,778.6","12,820.1","12,987.8","12,987.0","13,037.8","13,067.6","13,024.0","13,071.7","13,081.7","13,104.9","13,242.9","13,249.3","13,218.3","13,107.5","12,995.0","13,063.3","13,011.6","12,983.3","12,921.9","12,898.3","12,833.7","12,740.9","12,680.6","12,765.8","12,763.3","12,704.1","12,656.4","12,466.9","12,432.2","12,329.9","12,378.4","12,470.3","12,540.0","12,619.5","12,758.9","12,821.3","12,843.2","12,878.2","12,808.0","12,759.6","12,837.2","12,919.9","13,143.6","13,231.5","13,380.5","13,451.5","13,527.7","13,637.1","13,662.2"
"1.2.3.4.2. 예금은행 지역별 가계대출(말잔)","예금은행","경기","십억원","원자료","126,457.7","125,820.4","125,583.2","125,227.1","125,450.2","126,653.6","126,450.2","126,563.9","126,667.1","127,150.2","127,674.8","128,409.1","127,714.7","127,878.3","128,044.2","129,924.6","130,302.6","131,095.7","131,591.3","133,276.8","133,947.3","135,539.0","136,539.0","137,576.7","137,679.2","138,443.2","138,977.6","140,853.5","140,679.4","135,827.5","135,623.3","137,342.2","138,884.8","141,012.1","142,615.1","144,441.5","144,979.6","145,563.1","146,658.7","147,956.7","149,481.3","151,161.4","152,392.1","154,007.4","155,210.0","156,637.3","158,254.7","158,747.5","158,405.7","158,830.1","159,605.7","160,514.8","161,516.8","162,794.0","163,123.2","164,138.4","166,147.0","167,300.3","168,543.4","169,610.7","170,095.7","171,084.9","172,451.0","173,613.2","174,531.2","175,930.4","177,175.0","178,601.2","180,046.4","181,557.7","183,121.7","184,381.2","185,180.9","185,922.4","187,011.5","188,351.0","189,603.2","191,356.4","192,939.6","194,648.0","195,788.3","197,656.6","198,992.9","199,528.2","199,994.5","201,030.8","203,390.4","205,342.7","206,138.3","207,504.5","208,595.8","211,480.3","213,092.4","215,112.5","217,504.7","218,761.3","219,143.8","220,583.6","221,833.9","223,591.4","222,572.1","222,988.7","223,491.4","224,751.7","226,239.3","227,212.3","227,831.7","227,468.2","227,174.1","224,385.5","223,669.8","223,582.0","223,059.4","223,002.4","222,662.0","222,375.6","222,060.5","221,681.2","221,622.4","222,624.7","222,340.8","222,429.6","221,014.7","220,205.5","220,717.8","221,861.8","222,279.8","222,444.9","222,660.2","223,225.8","224,417.7","224,765.0","225,003.4","225,115.1","224,599.2","225,968.2","227,243.7","228,607.5","230,334.1","233,127.6","235,446.3","236,139.8","236,948.7","237,438.0"
"1.2.3.4.2. 예금은행 지역별 가계대출(말잔)","예금은행","강원","십억원","원자료","5,776.9","5,759.6","5,744.1","5,792.2","5,848.4","5,994.6","5,986.8","6,039.4","6,047.8","6,071.0","6,112.1","6,241.2","6,184.9","6,226.9","6,219.5","6,192.9","6,214.3","6,247.1","6,281.8","6,291.5","6,291.2","6,329.2","6,365.8","6,430.0","6,395.9","6,411.1","6,403.6","6,499.2","6,546.4","6,406.6","6,351.9","6,446.4","6,470.2","6,539.3","6,621.6","6,690.6","6,685.3","6,641.4","6,689.4","6,729.2","6,804.6","6,882.5","6,954.7","7,061.4","7,113.0","7,179.9","7,266.5","7,292.6","7,233.2","7,241.5","7,293.4","7,354.7","7,428.7","7,529.3","7,616.7","7,757.3","7,775.7","7,877.7","8,082.5","8,167.8","8,211.0","8,231.1","8,251.7","8,387.6","8,524.2","8,596.0","8,668.2","8,777.6","8,820.8","8,904.5","9,012.1","9,213.6","9,303.2","9,332.9","9,423.2","9,552.5","9,561.7","9,603.1","9,656.2","9,810.6","9,840.2","9,907.7","10,099.8","10,063.8","10,096.6","10,125.4","10,198.1","10,236.7","10,245.2","10,301.4","10,268.9","10,261.2","10,387.6","10,470.5","10,581.6","10,595.5","10,639.2","10,726.3","10,719.1","10,776.5","10,707.8","10,715.8","10,664.1","10,688.2","10,733.0","10,777.4","10,838.9","10,833.4","10,935.5","10,828.9","10,787.7","10,795.4","10,773.3","10,745.9","10,680.9","10,715.1","10,677.0","10,682.7","10,713.9","10,765.6","10,774.6","10,680.9","10,520.9","10,531.9","10,600.0","10,649.4","10,794.1","10,853.1","10,892.0","10,969.4","10,952.3","10,993.9","11,093.4","11,063.2","10,957.4","10,990.2","11,110.3","11,208.2","11,341.3","11,428.1","11,440.5","11,495.6","11,441.0","11,441.8"
"1.2.3.4.2. 예금은행 지역별 가계대출(말잔)","예금은행","충북","십억원","원자료","6,409.1","6,369.7","6,326.8","6,424.0","6,471.8","6,495.4","6,449.0","6,480.9","6,475.5","6,578.7","6,635.4","6,740.6","6,681.0","6,725.7","6,785.5","6,830.3","6,833.9","6,922.6","7,003.9","7,139.3","7,244.2","7,347.2","7,508.1","7,717.1","7,808.3","7,897.6","7,962.4","8,122.7","8,181.5","8,055.8","8,033.3","8,182.6","8,267.4","8,453.0","8,543.1","8,632.1","8,498.7","8,514.4","8,557.2","8,659.1","8,796.3","8,901.7","8,891.9","8,950.6","8,975.3","9,018.7","9,151.2","9,092.0","9,082.6","9,048.3","9,054.7","9,025.8","9,043.8","9,103.9","9,058.0","9,074.5","9,100.8","9,223.3","9,281.6","9,362.6","9,423.3","9,497.6","9,568.9","9,617.9","9,697.8","9,721.2","9,701.3","9,703.3","9,729.4","9,883.9","10,042.6","10,144.0","10,166.5","10,123.2","10,081.7","10,054.4","10,040.5","10,000.4","10,073.6","10,278.2","10,352.6","10,538.6","10,651.8","10,573.1","10,486.8","10,351.9","10,467.7","10,497.2","10,473.4","10,534.3","10,501.6","10,522.8","10,659.5","10,674.2","10,869.7","10,911.1","10,992.9","11,074.9","11,095.6","11,162.0","11,067.2","11,105.9","11,056.4","11,041.4","11,138.1","11,191.9","11,259.7","11,242.3","11,261.2","11,129.4","11,094.0","11,041.8","10,920.0","10,758.5","10,741.2","10,704.8","10,660.3","10,697.3","10,765.3","10,830.4","10,781.3","10,686.4","10,584.3","10,330.1","10,399.1","10,557.7","10,713.5","10,910.0","10,980.3","11,093.7","11,243.7","11,284.2","11,334.0","11,347.2","11,297.8","11,465.5","11,593.9","12,067.3","12,211.7","12,297.6","12,351.8","12,379.6","12,537.4","12,724.1"
"1.2.3.4.2. 예금은행 지역별 가계대출(말잔)","예금은행","충남","십억원","원자료","10,776.8","10,771.9","10,762.7","10,781.6","10,872.2","11,027.4","10,987.3","11,039.2","10,953.0","11,083.0","11,194.7","11,330.0","11,254.5","11,408.4","11,473.5","11,550.4","11,720.3","11,822.0","11,890.6","12,160.2","12,254.2","12,459.7","12,697.8","12,923.9","12,911.2","13,015.3","13,167.1","13,420.5","13,573.7","13,475.2","13,463.7","13,596.6","13,863.9","14,017.5","14,312.2","14,535.5","14,502.8","14,471.8","14,577.3","14,633.7","14,829.5","14,905.3","15,040.6","15,210.8","15,248.2","15,357.4","15,469.0","15,469.8","15,294.1","15,239.1","15,249.4","15,253.7","15,201.9","15,187.5","15,211.0","15,094.8","14,991.2","15,073.9","15,134.9","15,140.5","15,054.2","15,033.3","15,028.0","15,091.9","15,143.8","15,205.8","15,197.6","15,282.8","15,242.4","15,291.6","15,416.0","15,428.9","15,363.5","15,354.0","15,257.3","15,202.2","15,257.3","15,307.3","15,412.3","15,540.6","15,562.6","15,626.1","15,761.6","15,659.5","15,615.1","15,598.0","15,691.4","15,722.5","15,928.5","16,086.4","16,096.7","16,228.6","16,326.0","16,502.9","16,766.2","16,916.0","16,944.6","17,135.6","17,358.0","17,573.1","17,523.2","17,530.4","17,568.3","17,857.2","17,863.4","17,850.5","17,853.2","17,896.6","17,829.3","17,718.4","17,590.8","17,629.8","17,690.4","17,707.4","17,567.7","17,736.1","17,649.7","17,609.7","17,562.9","17,783.3","17,668.7","17,594.7","17,577.6","17,506.4","17,360.4","17,340.8","17,407.3","17,445.4","17,529.1","17,773.5","17,960.0","18,107.4","18,463.7","18,538.7","18,443.4","18,617.2","18,860.2","18,777.5","18,832.8","19,205.4","19,332.3","19,425.4","19,458.0","19,451.6"
"1.2.3.4.2. 예금은행 지역별 가계대출(말잔)","예금은행","전북","십억원","원자료","7,501.1","7,530.4","7,542.4","7,617.1","7,694.9","7,870.6","7,943.0","8,016.9","8,071.1","8,163.1","8,290.5","8,325.1","8,222.6","8,252.3","8,277.4","8,321.3","8,347.9","8,346.2","8,412.0","8,474.6","8,545.4","8,583.3","8,645.5","8,734.8","8,673.5","8,674.2","8,714.0","8,869.3","8,893.1","8,808.8","8,714.9","8,858.1","8,874.9","8,987.9","9,063.2","9,136.3","9,058.0","9,063.3","9,103.7","9,187.4","9,232.4","9,329.2","9,403.3","9,505.4","9,538.8","9,595.5","9,694.8","9,705.7","9,633.4","9,690.9","9,719.5","9,736.9","9,804.6","9,794.3","9,876.3","10,020.4","10,035.7","10,130.9","10,299.3","10,354.1","10,374.0","10,486.9","10,391.3","10,429.1","10,398.1","10,415.6","10,403.3","10,514.6","10,539.5","10,643.1","10,719.6","10,764.1","10,690.0","10,809.0","10,835.2","10,845.4","10,897.1","10,855.7","10,946.0","10,994.4","11,034.1","11,200.4","11,369.5","11,395.8","11,395.4","11,386.6","11,445.7","11,530.7","11,529.6","11,606.2","11,648.9","11,796.8","11,909.1","12,056.1","12,190.2","12,235.1","12,212.1","12,269.7","12,211.9","12,295.1","12,219.5","12,151.9","12,133.6","12,183.6","12,209.7","12,240.9","12,161.3","12,119.6","12,059.7","11,978.0","11,843.7","11,815.8","11,853.2","11,811.2","11,722.0","11,680.2","11,595.0","11,644.5","11,591.4","11,593.3","11,496.9","11,412.4","11,252.8","11,176.0","11,123.4","11,117.0","11,170.5","11,284.4","11,252.8","11,258.1","11,246.0","11,172.3","11,245.5","11,271.2","11,065.0","11,120.8","11,272.6","11,392.4","11,472.7","11,549.4","11,621.9","11,646.9","11,758.9","11,912.3"
"1.2.3.4.2. 예금은행 지역별 가계대출(말잔)","예금은행","전남","십억원","원자료","5,049.4","5,051.2","5,102.0","5,136.3","5,192.2","5,283.8","5,283.7","5,339.5","5,348.3","5,382.9","5,447.3","5,479.8","5,440.9","5,409.2","5,420.4","5,471.7","5,530.3","5,534.9","5,544.4","5,604.3","5,648.4","5,705.6","5,787.4","5,840.9","5,800.1","5,831.2","5,883.7","5,945.5","5,973.3","5,906.8","5,900.8","6,022.7","6,059.5","6,126.8","6,225.1","6,278.1","6,257.2","6,257.9","6,306.7","6,336.5","6,392.9","6,455.2","6,523.2","6,640.9","6,671.6","6,760.8","6,801.2","6,805.5","6,747.9","6,736.4","6,757.8","6,778.6","6,827.3","6,938.1","6,975.2","7,035.1","7,073.8","7,165.9","7,271.1","7,356.4","7,368.2","7,432.9","7,498.9","7,568.6","7,578.4","7,675.7","7,686.6","7,758.6","7,790.7","7,986.5","8,098.6","8,110.2","8,077.5","8,165.3","8,253.8","8,418.2","8,540.6","8,537.5","8,660.5","8,746.6","8,820.0","8,949.3","9,118.7","9,160.8","9,174.4","9,211.5","9,369.1","9,495.4","9,636.8","9,728.4","9,782.6","9,943.8","10,092.7","10,207.3","10,517.0","10,697.4","10,751.5","10,798.4","10,855.5","11,016.4","10,969.5","10,961.9","11,086.5","11,161.0","11,177.8","11,245.2","11,174.8","11,053.4","11,036.8","10,900.1","10,792.9","10,704.1","10,653.3","10,622.0","10,619.3","10,537.3","10,489.7","10,480.2","10,425.5","10,390.2","10,279.2","10,210.1","10,044.5","9,913.4","9,978.8","9,997.1","10,005.2","10,050.5","10,048.8","10,002.5","9,967.8","9,955.7","9,996.6","9,958.6","9,864.8","9,892.0","9,925.1","10,039.9","10,207.4","10,404.5","10,449.1","10,432.2","10,457.8","10,564.3"
"1.2.3.4.2. 예금은행 지역별 가계대출(말잔)","예금은행","경북","십억원","원자료","7,482.1","7,432.3","7,449.6","7,514.0","7,609.5","7,775.8","7,806.7","7,900.9","7,903.2","7,989.6","8,109.4","8,211.8","8,138.2","8,171.8","8,229.0","8,377.4","8,456.2","8,560.3","8,660.6","8,806.4","8,986.9","9,241.3","9,599.5","9,830.2","9,914.1","10,069.7","10,215.6","10,461.2","10,588.3","10,680.2","10,912.6","11,184.7","11,337.9","11,607.8","11,836.0","12,016.9","12,016.6","11,961.4","12,068.6","12,153.0","12,292.5","12,347.0","12,579.0","12,757.7","12,853.6","13,037.2","13,232.1","13,205.7","13,182.1","13,211.9","13,237.8","13,299.0","13,356.1","13,371.1","13,379.8","13,431.2","13,378.8","13,471.8","13,648.9","13,667.9","13,653.4","13,528.3","13,487.7","13,504.6","13,532.4","13,627.6","13,745.5","13,769.5","13,732.7","13,811.0","13,913.4","13,902.4","13,903.9","13,967.7","13,998.1","14,081.9","14,132.7","14,174.9","14,251.1","14,245.3","14,331.6","14,486.6","14,632.2","14,626.1","14,601.9","14,746.3","14,865.8","14,933.8","14,877.7","14,814.2","14,919.0","15,029.3","15,064.4","15,191.3","15,483.7","15,579.2","15,677.6","15,691.7","15,717.4","15,821.1","15,717.3","15,677.6","15,621.0","15,621.5","15,686.0","15,705.9","15,650.2","15,486.8","15,388.4","15,329.6","15,266.6","15,218.2","15,271.6","15,272.2","15,207.8","15,188.5","15,120.8","15,155.1","15,147.2","15,234.1","15,217.4","15,018.0","14,894.2","14,843.6","15,020.4","15,166.1","15,255.1","15,446.5","15,553.8","15,709.9","15,692.4","15,800.6","15,854.0","15,842.0","15,602.4","15,842.3","16,075.2","16,178.3","16,332.3","16,449.7","16,487.2","16,516.4","16,598.3","16,462.6"
"1.2.3.4.2. 예금은행 지역별 가계대출(말잔)","예금은행","경남","십억원","원자료","16,115.3","15,977.4","16,133.7","16,314.9","16,497.7","16,994.5","17,046.2","17,309.0","17,439.3","17,715.6","17,925.0","18,196.4","18,110.8","18,206.7","18,238.1","18,458.4","18,661.4","18,902.0","19,163.7","19,399.7","19,614.1","19,899.2","20,329.6","20,599.6","20,598.0","20,668.2","20,856.4","21,175.5","21,463.5","21,187.4","21,295.7","21,616.5","21,808.5","22,049.0","22,350.0","22,886.8","23,043.3","23,077.4","23,136.5","23,407.8","23,745.3","24,113.9","24,365.9","24,739.8","25,018.1","25,292.0","25,686.7","25,815.8","25,893.0","26,002.8","26,143.9","26,178.9","26,274.5","26,517.9","26,532.2","26,491.3","26,585.9","26,854.4","26,943.7","26,927.3","26,914.3","26,977.1","27,117.8","27,264.5","27,362.3","27,500.1","27,674.6","27,877.8","27,915.4","27,959.8","27,916.5","28,156.8","28,281.0","28,476.1","28,450.9","28,447.0","28,433.0","28,400.7","28,295.7","28,299.4","28,263.0","28,335.0","28,469.6","28,448.8","28,236.9","28,075.5","28,095.8","28,122.7","28,121.4","28,009.9","28,022.5","28,208.6","28,419.9","28,676.2","28,960.8","29,356.7","29,409.3","29,632.0","29,859.9","29,877.5","29,780.6","29,949.9","30,097.7","30,216.5","30,401.7","30,496.5","30,418.7","30,301.4","30,277.4","30,198.0","30,173.7","30,363.9","30,350.0","30,085.0","30,062.6","30,231.0","30,205.2","30,581.1","30,662.6","30,730.7","30,582.6","30,445.4","30,467.2","29,991.5","30,233.0","30,338.5","30,330.0","30,487.8","30,679.7","30,961.2","30,882.5","30,943.8","31,056.2","30,947.5","30,714.3","30,835.0","30,988.3","31,243.9","31,553.4","31,893.6","31,905.1","31,971.1","31,919.5","31,912.7"
"1.2.3.4.2. 예금은행 지역별 가계대출(말잔)","예금은행","제주","십억원","원자료","2,135.3","2,138.2","2,122.1","2,123.4","2,143.7","2,184.7","2,189.1","2,190.7","2,192.6","2,228.2","2,261.2","2,319.0","2,299.6","2,302.8","2,302.4","2,317.1","2,343.3","2,401.1","2,420.4","2,456.6","2,500.8","2,576.1","2,645.5","2,734.5","2,816.2","2,876.4","2,932.2","3,026.1","3,061.3","3,135.1","3,255.1","3,373.7","3,447.5","3,579.9","3,698.1","3,920.5","4,047.7","4,128.6","4,261.5","4,440.8","4,580.9","4,741.2","4,894.1","5,067.4","5,209.3","5,344.6","5,522.0","5,713.1","5,873.1","5,984.4","6,123.1","6,260.5","6,400.6","6,584.8","6,641.6","6,737.1","6,850.9","6,955.9","7,065.2","7,163.0","7,247.5","7,308.7","7,404.0","7,479.7","7,574.1","7,678.7","7,772.2","7,892.1","7,995.9","8,142.2","8,255.4","8,293.0","8,322.0","8,337.2","8,345.6","8,357.1","8,378.8","8,393.9","8,471.7","8,525.8","8,584.3","8,680.2","8,781.2","8,859.0","8,839.9","8,850.7","8,865.8","8,879.8","8,886.1","8,904.0","8,963.9","9,056.1","9,114.3","9,169.4","9,244.3","9,288.6","9,345.8","9,400.0","9,388.0","9,441.9","9,417.5","9,420.9","9,460.8","9,489.4","9,522.9","9,520.2","9,526.7","9,520.7","9,513.9","9,424.9","9,378.9","9,330.9","9,301.0","9,248.6","9,188.6","9,156.1","9,176.9","9,127.4","9,087.4","9,080.8","9,012.7","8,977.4","8,841.2","8,777.4","8,767.8","8,741.6","8,760.6","8,788.5","8,762.7","8,761.7","8,764.6","8,761.7","8,761.3","8,741.6","8,700.0","8,750.1","8,801.2","8,813.1","8,860.8","8,936.7","8,966.4","9,015.4","9,032.4","9,038.5"
"1.2.3.4.2. 예금은행 지역별 가계대출(말잔)","예금은행","세종","십억원","원자료","1,064.0","1,131.0","1,196.6","1,196.8","1,248.5","1,324.2","1,426.7","1,503.6","1,523.3","1,647.3","1,702.1","1,810.0","1,892.0","2,013.8","2,070.1","2,099.1","2,199.7","2,318.2","2,311.5","2,418.6","2,520.6","2,598.8","2,611.0","2,720.7","2,751.3","2,676.4","2,766.5","2,810.4","2,936.4","3,019.8","3,116.0","3,191.1","3,216.1","3,328.7","3,440.8","3,537.2","3,685.2","3,706.8","3,802.1","3,928.2","4,055.6","4,139.4","4,216.7","4,331.3","4,484.5","4,569.4","4,636.3","4,684.3","4,780.5","4,782.4","4,895.1","4,874.9","4,971.1","5,122.8","5,227.0","5,205.2","5,192.4","5,282.4","5,276.3","5,247.6","5,269.9","5,333.2","5,413.7","5,541.8","5,643.3","5,729.6","5,789.3","5,829.9","5,801.9","5,829.2","5,770.4","5,849.8","5,862.1","5,825.1","5,911.0","5,905.2","5,861.5","5,978.4","6,108.8","6,134.4","6,186.5","6,282.4","6,310.7","6,338.4","6,352.0","6,381.5","6,401.9","6,402.7","6,442.2","6,599.1","6,609.9","6,698.7","6,742.5","6,845.4","6,897.2","6,900.3","6,905.2","7,000.0","7,025.0","6,964.0","6,935.1","6,990.6","7,149.6","7,205.5","7,236.5","7,228.6","7,170.2","7,076.9","7,121.7","7,050.1","7,007.8","7,031.0","7,087.7","7,019.1","7,000.7","6,959.2","6,950.3","6,953.3","7,056.0","7,039.3","6,975.5","6,945.9","6,947.8","7,031.4","7,040.3","6,997.8","7,026.9","7,091.7","7,129.2","7,080.8","7,075.1","7,114.3","7,093.8","7,046.8","6,975.9","7,060.3","7,100.6","7,087.1","7,323.8","7,441.4","7,488.0","7,470.8","7,461.1","7,435.6"
"1.2.3.4.2. 예금은행 지역별 가계대출(말잔)","  주택담보대출-예금은행","전국","십억원","원자료","316,024.2","315,148.5","315,972.8","315,826.8","317,770.5","321,202.7","321,182.4","321,974.9","322,246.3","324,011.9","326,100.7","328,923.1","328,153.0","329,368.7","330,892.2","333,421.4","335,239.8","338,314.1","341,082.9","346,097.9","350,187.6","355,668.6","360,626.0","365,579.6","367,128.5","371,037.7","375,256.3","383,478.4","384,054.9","372,218.5","372,423.7","378,604.9","383,681.7","390,388.0","395,124.5","401,728.5","403,236.3","404,133.9","407,110.8","411,100.1","415,638.8","420,111.5","424,800.9","429,553.4","433,556.0","437,032.9","441,460.5","442,564.1","441,232.5","441,641.6","443,167.6","444,431.2","446,450.8","449,425.5","452,073.2","454,539.0","457,427.9","459,715.6","462,086.8","464,208.5","465,097.3","466,588.2","468,822.8","470,447.7","472,394.1","474,866.4","477,140.3","480,367.1","483,501.3","485,916.3","490,357.5","494,265.4","496,332.7","498,588.3","501,292.6","504,400.6","507,066.4","510,274.6","514,389.0","519,236.6","523,288.6","528,219.9","532,475.7","533,966.4","535,576.6","537,423.4","542,650.8","547,830.4","550,427.7","552,884.1","555,095.0","560,484.7","566,533.7","572,652.9","578,314.4","583,896.8","587,962.3","594,234.2","598,923.1","599,967.5","601,658.1","603,710.7","609,098.4","614,403.3","620,159.7","625,136.6","627,727.2","629,561.9","630,939.6","631,589.1","632,170.2","633,523.9","633,552.2","634,447.6","635,231.0","636,329.7","637,605.7","639,286.1","640,797.0","644,132.4","644,376.6","643,859.3","642,032.4","640,733.1","643,192.3","647,830.4","651,603.9","655,359.9","659,363.1","663,516.8","668,373.4","672,110.2","677,310.6","681,875.9","681,662.4","686,471.2","692,449.5","698,365.8","704,675.7","713,708.8","720,543.8","723,249.5","725,813.7","727,848.9"
"1.2.3.4.2. 예금은행 지역별 가계대출(말잔)","  주택담보대출-예금은행","서울","십억원","원자료","111,540.9","111,162.4","111,101.6","110,800.5","111,249.2","111,704.0","111,735.9","111,957.5","111,812.5","112,367.0","112,716.3","113,314.0","113,198.6","113,939.6","114,563.7","114,504.5","114,945.8","115,767.6","116,795.1","117,790.7","119,122.2","121,037.3","122,517.3","123,839.5","124,316.3","125,547.0","127,371.7","130,256.1","130,403.8","126,913.5","127,804.2","129,722.9","131,438.7","133,698.7","135,043.0","136,921.7","137,481.7","137,498.4","138,328.7","139,269.0","140,815.3","142,442.5","143,787.5","145,726.2","147,081.0","148,459.6","150,289.6","150,524.8","150,057.6","149,951.1","150,077.9","150,448.7","151,060.9","152,162.7","153,613.1","155,351.2","155,535.3","156,014.4","156,963.3","157,613.3","157,860.7","157,826.9","158,308.0","158,951.7","159,842.5","160,289.3","160,847.2","161,771.3","163,264.1","164,124.3","165,656.4","166,251.4","166,048.0","166,523.5","167,189.5","168,348.7","169,248.5","170,019.9","171,237.7","173,020.1","174,397.0","176,025.6","177,219.5","178,277.8","179,412.9","180,957.0","182,729.9","184,514.3","185,898.0","187,310.7","188,450.9","190,483.9","193,141.5","195,840.5","197,539.2","199,946.5","202,250.9","204,918.2","207,094.9","208,558.5","209,714.0","210,938.1","213,363.8","215,644.9","217,863.0","220,109.0","222,100.6","223,481.8","223,468.2","225,938.7","226,502.9","227,492.2","227,670.1","228,272.2","228,416.8","228,557.0","228,770.2","228,659.4","228,344.6","228,104.3","226,852.0","226,105.0","225,236.1","225,609.0","226,427.5","228,295.5","229,566.0","231,503.4","232,742.9","233,990.8","236,066.6","237,253.5","239,282.1","241,996.5","242,158.3","243,675.9","246,006.9","248,613.8","250,580.7","254,193.4","256,690.5","258,111.1","259,026.9","259,442.9"
"1.2.3.4.2. 예금은행 지역별 가계대출(말잔)","  주택담보대출-예금은행","부산","십억원","원자료","20,240.8","20,252.7","20,428.4","20,516.1","20,762.6","21,126.2","21,192.8","21,311.3","21,251.0","21,418.5","21,628.2","21,832.2","21,850.2","21,830.3","21,952.0","22,096.5","22,246.5","22,551.9","22,700.7","22,867.5","23,267.5","23,728.5","24,104.6","24,520.5","24,593.5","24,965.5","25,115.9","25,679.7","25,873.8","25,202.5","25,239.0","25,652.0","26,004.6","26,488.2","26,904.8","27,491.0","27,455.7","27,424.9","27,637.4","28,125.9","28,565.0","28,861.2","29,179.7","29,475.0","29,767.3","30,139.9","30,479.4","30,626.3","30,658.3","31,025.4","31,164.5","31,322.2","31,562.0","31,918.8","32,207.6","32,461.7","32,608.3","32,998.5","33,235.3","33,439.5","33,628.1","33,816.2","33,944.1","33,950.7","34,342.9","34,767.0","34,902.5","35,283.0","35,593.2","35,881.5","36,456.0","36,692.8","36,797.2","36,986.8","37,143.8","37,351.7","37,425.9","37,705.7","37,954.3","38,490.9","38,790.0","39,133.6","39,561.6","39,787.6","39,805.2","39,904.6","40,509.7","40,691.4","40,578.9","40,794.4","41,105.5","41,636.9","42,394.6","42,902.5","43,777.3","44,409.9","44,846.9","45,372.7","45,712.4","45,617.7","45,974.8","46,086.2","46,486.7","46,785.9","47,151.8","47,628.5","47,627.0","47,639.6","47,531.2","47,484.5","47,432.6","47,613.1","47,517.1","47,872.5","47,918.3","48,002.4","48,007.9","48,133.4","48,455.6","48,559.5","48,653.9","48,853.1","48,680.5","48,501.3","48,409.2","48,405.5","48,930.3","48,995.9","49,476.3","49,805.3","49,803.6","50,165.9","50,569.3","50,737.8","50,844.9","51,187.4","51,498.1","51,390.4","51,688.3","52,263.2","52,805.0","52,999.7","53,022.2","53,141.7"
"1.2.3.4.2. 예금은행 지역별 가계대출(말잔)","  주택담보대출-예금은행","대구","십억원","원자료","9,734.3","9,687.8","9,840.5","9,930.6","10,013.5","10,250.7","10,295.0","10,360.1","10,474.5","10,533.9","10,671.2","10,891.3","10,838.1","10,922.2","11,057.9","11,260.4","11,364.7","11,608.9","11,861.0","12,281.9","12,636.6","13,047.6","13,427.0","13,785.1","14,041.0","14,441.2","14,758.5","15,234.5","15,581.0","15,722.8","15,896.4","16,362.2","16,581.9","17,004.3","17,240.5","17,589.8","17,744.7","17,839.5","17,917.5","18,111.7","18,344.6","18,497.3","18,528.8","18,650.9","18,793.0","18,850.5","18,904.9","18,865.8","18,679.8","18,680.5","18,666.6","18,716.4","18,723.5","18,612.0","18,607.9","18,515.0","18,479.5","18,461.9","18,557.1","18,603.1","18,658.4","18,805.2","19,104.4","19,043.8","18,901.9","18,993.5","18,986.7","19,203.5","19,162.5","19,353.3","19,608.9","19,833.2","20,129.9","20,267.5","20,527.3","20,571.8","20,738.5","20,888.1","21,134.1","21,530.6","21,897.2","22,106.5","22,238.9","22,240.0","22,371.9","22,426.2","22,622.5","22,878.5","23,011.9","23,339.1","23,370.9","23,523.9","23,825.9","24,195.0","24,822.4","24,998.6","25,398.9","25,741.9","25,997.2","26,126.3","26,347.3","26,778.3","27,189.1","27,494.4","27,669.7","27,922.9","28,016.2","28,069.8","28,296.9","28,454.1","28,535.4","28,569.1","28,642.1","28,622.9","28,881.5","29,125.2","29,289.5","29,517.0","29,725.1","30,169.0","30,326.6","30,489.2","30,429.5","30,267.9","30,563.4","31,000.8","31,419.5","31,563.8","31,819.1","31,919.3","32,254.3","32,404.5","32,603.3","32,759.1","32,817.7","33,053.7","33,322.0","33,270.8","33,362.0","33,546.4","33,793.4","33,971.9","34,148.2","34,177.0"
"1.2.3.4.2. 예금은행 지역별 가계대출(말잔)","  주택담보대출-예금은행","인천","십억원","원자료","25,607.3","25,393.4","25,496.4","25,464.5","25,580.4","25,606.1","25,436.7","25,285.4","25,219.0","25,165.1","25,287.8","25,387.2","25,358.8","25,212.9","25,121.8","25,098.3","25,207.8","25,279.1","25,345.9","25,712.9","25,976.4","26,192.3","26,478.1","26,817.6","26,818.1","26,943.7","27,007.5","27,457.3","27,276.3","25,795.8","25,440.3","25,783.1","26,135.2","26,472.5","26,688.3","26,988.8","26,906.9","26,937.9","27,076.3","27,364.9","27,642.7","27,886.8","28,448.1","28,944.8","29,259.1","29,453.0","29,673.4","29,763.7","29,444.6","29,502.9","29,686.8","29,837.0","30,184.6","30,333.9","30,662.7","30,810.3","31,351.4","31,562.2","31,620.2","31,800.6","31,798.2","31,851.5","31,911.6","31,983.5","32,155.7","32,205.8","32,426.7","32,553.7","32,541.3","32,641.3","33,052.8","33,572.3","33,768.3","33,950.9","34,090.1","34,364.0","34,891.4","35,164.4","35,605.5","35,879.5","36,201.6","36,491.6","36,759.9","36,794.2","36,655.6","36,532.0","36,819.8","37,114.0","37,364.0","37,359.2","37,478.4","38,123.9","38,381.2","38,692.5","39,010.1","39,234.0","39,650.6","39,743.2","39,991.0","40,117.5","40,205.0","40,378.4","40,764.1","41,205.5","41,659.8","41,975.3","42,283.6","42,378.3","42,320.0","42,181.9","42,102.4","42,263.5","42,395.4","42,555.8","42,796.4","43,077.1","43,422.6","43,741.5","43,799.3","44,104.5","44,288.8","44,124.5","44,495.5","44,335.7","44,606.5","44,808.8","44,882.8","45,016.2","45,230.6","45,741.0","46,270.7","46,439.6","46,759.6","46,853.8","47,024.1","47,299.3","47,631.0","48,068.2","48,313.6","48,486.5","48,804.2","48,800.6","48,872.8","48,941.7"
"1.2.3.4.2. 예금은행 지역별 가계대출(말잔)","  주택담보대출-예금은행","광주","십억원","원자료","5,278.0","5,363.4","5,458.7","5,455.2","5,627.6","5,708.7","5,757.3","5,872.9","5,912.7","5,860.8","5,994.3","6,142.6","6,008.1","5,978.3","5,974.0","6,017.3","6,005.6","6,025.2","6,063.5","6,149.9","6,289.6","6,395.2","6,495.7","6,632.5","6,656.7","6,765.7","6,876.2","7,116.4","7,149.9","7,198.8","7,096.7","7,178.0","7,294.1","7,493.5","7,675.4","7,828.7","7,881.9","7,885.0","7,898.5","8,096.3","8,161.1","8,215.6","8,348.4","8,403.9","8,434.8","8,421.6","8,467.1","8,559.4","8,397.3","8,289.1","8,313.6","8,251.2","8,249.6","8,209.4","8,201.5","8,243.6","8,341.4","8,347.8","8,473.0","8,584.3","8,712.0","8,800.8","8,935.3","9,029.6","9,141.5","9,131.8","9,268.7","9,478.9","9,609.6","9,696.3","9,890.7","9,995.1","10,067.1","10,193.3","10,375.4","10,472.0","10,528.0","10,660.8","10,861.8","11,011.6","11,212.1","11,370.0","11,620.7","11,720.9","11,876.5","11,643.4","11,803.1","11,987.1","12,310.2","12,211.3","12,512.4","12,593.2","12,783.9","12,852.5","13,133.9","13,304.1","13,476.4","13,622.8","13,700.0","13,711.2","13,764.6","13,734.8","13,997.3","14,066.9","14,259.9","14,268.4","14,347.7","14,511.6","14,679.6","14,517.5","14,558.7","14,476.5","14,415.5","14,336.2","14,217.9","14,080.3","14,026.7","14,090.3","14,093.3","14,049.1","14,079.5","13,816.7","13,740.8","13,721.4","13,709.0","13,723.5","13,719.6","13,834.2","14,103.8","14,332.2","14,487.7","14,619.8","14,969.8","15,055.6","15,147.1","15,369.9","15,639.5","15,877.2","15,991.8","16,210.4","16,179.7","15,969.7","15,983.6","15,991.8"
"1.2.3.4.2. 예금은행 지역별 가계대출(말잔)","  주택담보대출-예금은행","대전","십억원","원자료","7,646.8","7,748.7","7,830.0","7,872.2","7,983.3","8,191.5","8,188.9","8,188.7","8,259.7","8,301.4","8,399.6","8,441.2","8,406.0","8,444.7","8,486.5","8,486.0","8,502.4","8,599.1","8,644.6","8,758.3","8,826.7","8,889.2","8,939.4","9,012.3","9,021.7","9,101.9","9,196.6","9,417.7","9,343.2","8,842.9","8,775.5","9,159.7","8,969.3","9,120.6","9,142.0","9,255.6","9,246.2","9,201.8","9,295.8","9,273.9","9,315.1","9,416.4","9,583.5","9,603.6","9,644.4","9,724.6","9,854.7","9,853.2","9,824.9","9,847.2","9,850.2","9,729.2","9,799.2","9,830.2","9,934.9","9,943.5","10,109.2","10,192.2","10,224.6","10,267.7","10,330.2","10,302.1","10,285.3","10,257.7","10,263.1","10,279.4","10,366.9","10,441.8","10,475.6","10,424.6","10,464.6","10,641.3","10,712.0","10,704.1","10,723.2","10,775.0","10,816.8","10,848.4","10,933.6","11,036.1","11,237.4","11,357.2","11,497.5","11,611.5","11,649.8","11,785.8","11,753.1","11,937.2","11,944.0","12,013.8","12,163.1","12,222.2","12,418.6","12,593.5","12,694.5","12,841.7","12,884.3","13,083.1","13,102.0","13,071.7","13,209.7","13,271.8","13,246.0","13,430.3","13,544.7","13,632.6","13,364.6","13,380.7","13,562.4","13,474.3","13,474.2","13,225.7","13,194.0","13,066.2","13,081.5","13,011.1","13,057.9","13,122.9","13,187.9","13,265.0","13,264.9","13,341.5","13,313.7","13,310.1","13,401.5","13,470.8","13,556.1","13,666.5","13,746.2","13,955.3","13,911.3","14,062.2","14,076.0","14,453.4","14,499.4","14,508.4","14,575.5","14,823.1","15,035.2","15,366.1","15,713.6","15,905.6","16,139.5","16,385.0"
"1.2.3.4.2. 예금은행 지역별 가계대출(말잔)","  주택담보대출-예금은행","울산","십억원","원자료","4,645.7","4,664.4","4,690.4","4,739.9","4,878.0","4,925.8","4,964.8","5,007.4","5,041.7","5,131.2","5,188.3","5,170.4","5,167.2","5,211.0","5,225.6","5,311.7","5,416.3","5,546.9","5,600.7","5,754.3","5,870.3","5,991.9","6,109.9","6,206.8","6,228.0","6,342.7","6,391.1","6,615.0","6,624.6","6,429.0","6,475.3","6,708.9","6,764.8","6,838.7","6,901.2","7,032.0","6,987.9","7,002.2","7,111.8","7,255.0","7,300.5","7,337.0","7,419.7","7,508.1","7,663.7","7,702.2","7,712.3","7,728.0","7,751.9","7,842.6","7,824.4","7,883.4","8,045.2","8,105.9","8,217.0","8,290.1","8,240.9","8,338.4","8,262.6","8,312.9","8,220.4","8,199.7","8,159.1","8,128.0","8,101.8","8,115.6","8,131.3","8,115.7","8,098.6","8,072.1","8,058.9","8,161.5","8,107.3","8,138.3","8,160.8","8,149.3","8,139.7","8,120.8","8,162.5","8,141.5","8,106.3","8,132.4","8,158.9","8,113.7","8,097.7","8,027.6","8,069.4","8,104.2","8,070.5","8,060.1","8,022.9","8,053.9","8,095.4","8,171.3","8,200.9","8,273.7","8,305.5","8,479.0","8,479.0","8,394.5","8,483.1","8,441.6","8,525.5","8,529.6","8,575.4","8,726.8","8,732.1","8,733.4","8,709.6","8,674.7","8,814.1","8,772.5","8,767.5","8,729.3","8,768.0","8,741.2","8,706.0","8,695.1","8,828.9","8,911.5","8,939.2","8,942.3","8,842.9","8,834.3","8,741.9","8,807.3","8,910.3","8,974.5","9,097.0","9,231.9","9,306.8","9,401.5","9,468.1","9,450.6","9,448.4","9,498.5","9,572.0","9,764.9","9,874.9","10,003.8","10,079.5","10,146.7","10,260.1","10,308.1"
"1.2.3.4.2. 예금은행 지역별 가계대출(말잔)","  주택담보대출-예금은행","경기","십억원","원자료","95,218.0","94,687.6","94,526.9","94,142.4","94,258.5","95,130.9","94,912.7","94,789.1","94,843.5","95,138.8","95,525.5","96,216.9","95,821.4","95,885.6","96,068.3","97,659.8","97,988.3","98,703.1","99,169.4","100,701.7","101,413.2","102,738.3","103,784.2","104,932.0","105,272.0","106,282.8","106,968.5","108,882.1","108,446.5","103,747.3","103,209.6","104,689.8","106,307.9","108,180.1","109,538.9","111,369.0","112,075.3","112,898.0","113,873.1","115,003.9","116,184.4","117,676.4","118,842.9","119,908.7","120,910.6","121,814.1","122,978.6","123,417.0","123,166.6","123,347.9","124,020.0","124,716.8","125,363.7","126,383.5","126,684.5","127,235.3","129,113.7","129,743.0","130,373.6","131,152.8","131,529.8","132,355.4","133,407.4","134,069.6","134,543.6","135,629.2","136,567.6","137,580.1","138,792.2","139,595.4","140,817.8","142,138.3","143,266.7","143,970.3","145,045.6","146,131.9","147,095.4","148,622.3","149,839.1","151,094.2","152,081.2","153,504.0","154,752.7","155,050.5","155,418.1","156,223.6","158,119.7","160,046.1","160,614.1","161,304.5","161,765.1","163,647.8","164,712.6","166,215.5","167,381.3","168,418.9","168,524.4","169,866.6","170,990.6","171,102.1","170,955.6","171,150.4","172,009.3","173,204.9","174,657.3","175,673.1","176,264.9","176,317.0","176,682.3","175,167.6","175,006.0","175,112.3","174,826.7","175,037.6","175,075.9","175,164.9","175,507.0","175,604.5","176,004.4","177,453.1","178,076.5","178,638.8","177,868.9","177,445.6","178,130.6","179,462.6","179,962.4","180,202.1","180,675.1","181,253.2","182,581.1","183,275.5","183,912.2","184,490.8","184,273.2","185,553.9","186,751.9","188,017.3","189,811.2","192,315.3","194,579.6","195,201.8","195,927.4","196,592.0"
"1.2.3.4.2. 예금은행 지역별 가계대출(말잔)","  주택담보대출-예금은행","강원","십억원","원자료","2,849.2","2,845.0","2,865.8","2,891.9","2,928.6","3,060.2","3,054.7","3,085.8","3,114.8","3,126.0","3,152.3","3,262.6","3,252.1","3,285.4","3,308.9","3,272.8","3,290.6","3,328.7","3,371.8","3,374.7","3,373.2","3,391.6","3,407.2","3,450.5","3,436.3","3,446.2","3,486.6","3,557.2","3,580.8","3,405.3","3,342.1","3,401.0","3,421.8","3,459.3","3,492.6","3,530.9","3,517.8","3,467.0","3,513.0","3,518.9","3,549.8","3,588.0","3,664.3","3,705.3","3,750.8","3,758.0","3,784.8","3,798.5","3,760.8","3,755.6","3,815.2","3,841.2","3,875.1","3,927.9","4,002.7","4,088.1","4,088.9","4,128.8","4,265.7","4,310.7","4,335.8","4,358.3","4,365.8","4,463.0","4,557.0","4,602.6","4,665.9","4,735.8","4,775.1","4,803.9","4,869.7","5,047.4","5,177.7","5,202.7","5,297.9","5,423.6","5,406.2","5,441.4","5,481.8","5,602.3","5,642.7","5,704.9","5,817.1","5,755.5","5,807.0","5,817.8","5,881.1","5,909.1","5,898.9","5,908.4","5,859.5","5,778.2","5,874.3","5,907.3","5,934.0","5,941.2","5,954.9","6,046.6","6,053.2","6,005.8","5,968.2","5,946.5","5,960.2","5,968.8","6,029.3","6,078.2","6,140.5","6,182.9","6,356.9","6,359.0","6,393.6","6,424.7","6,410.3","6,413.0","6,404.0","6,478.2","6,488.3","6,541.3","6,624.2","6,727.2","6,826.8","6,774.7","6,692.5","6,698.9","6,764.7","6,829.4","6,998.6","7,068.1","7,143.4","7,220.1","7,226.1","7,288.3","7,432.6","7,452.1","7,396.8","7,417.8","7,534.2","7,636.3","7,797.8","7,874.1","7,909.3","7,963.6","7,909.7","7,920.1"
"1.2.3.4.2. 예금은행 지역별 가계대출(말잔)","  주택담보대출-예금은행","충북","십억원","원자료","3,942.4","3,922.9","3,898.9","3,982.1","4,030.1","4,027.5","3,980.5","3,993.8","3,989.6","4,074.0","4,112.3","4,204.6","4,187.4","4,218.8","4,286.5","4,314.6","4,303.6","4,381.5","4,469.8","4,599.2","4,697.0","4,769.0","4,910.2","5,084.4","5,184.6","5,246.6","5,344.3","5,492.9","5,523.9","5,351.3","5,312.7","5,413.4","5,496.9","5,671.6","5,703.2","5,756.7","5,644.5","5,661.0","5,695.7","5,769.2","5,852.6","5,916.5","5,927.5","5,934.6","5,959.4","5,947.8","6,025.3","5,962.8","5,948.6","5,890.8","5,894.8","5,877.5","5,855.6","5,878.0","5,820.7","5,790.5","5,820.3","5,900.3","5,914.3","5,973.9","6,018.2","6,088.5","6,108.3","6,106.0","6,130.3","6,131.2","6,096.3","6,060.1","6,071.3","6,158.3","6,271.2","6,358.7","6,399.2","6,370.3","6,329.0","6,286.2","6,249.3","6,204.1","6,259.8","6,435.9","6,498.1","6,697.7","6,707.3","6,611.4","6,553.2","6,396.9","6,480.6","6,503.0","6,451.4","6,460.2","6,380.5","6,309.5","6,404.1","6,365.6","6,450.1","6,492.7","6,534.1","6,612.0","6,631.5","6,560.3","6,499.6","6,523.8","6,521.5","6,482.6","6,621.7","6,689.5","6,755.0","6,783.8","6,864.5","6,837.9","6,865.9","6,837.3","6,729.9","6,623.6","6,664.8","6,665.4","6,671.4","6,765.1","6,888.3","7,017.6","7,052.5","7,028.3","6,985.7","6,790.7","6,858.1","7,008.1","7,177.5","7,376.1","7,469.1","7,573.4","7,727.9","7,781.1","7,883.3","7,939.7","7,926.0","8,079.0","8,200.6","8,681.5","8,830.4","8,900.0","8,958.6","8,979.6","9,136.1","9,328.7"
"1.2.3.4.2. 예금은행 지역별 가계대출(말잔)","  주택담보대출-예금은행","충남","십억원","원자료","6,685.3","6,703.4","6,733.7","6,731.0","6,788.7","6,916.7","6,863.8","6,886.0","6,841.7","6,962.3","7,056.3","7,188.7","7,183.5","7,322.4","7,425.7","7,515.8","7,662.3","7,744.9","7,822.6","8,098.5","8,192.3","8,377.8","8,612.8","8,831.0","8,873.3","8,951.6","9,155.2","9,406.9","9,516.2","9,395.8","9,361.2","9,332.6","9,715.8","9,829.6","10,074.8","10,338.3","10,327.2","10,296.3","10,391.3","10,432.9","10,551.8","10,518.1","10,625.4","10,694.3","10,712.1","10,735.6","10,772.2","10,765.8","10,641.3","10,544.1","10,551.4","10,513.4","10,390.1","10,328.9","10,332.2","10,148.5","10,085.9","10,095.7","10,090.9","10,081.6","10,012.4","9,985.8","9,956.6","9,967.5","9,943.9","9,952.1","9,850.8","9,876.9","9,827.8","9,808.6","9,879.0","9,901.5","9,898.5","9,879.7","9,781.7","9,716.9","9,732.1","9,775.4","9,847.8","9,919.1","9,921.3","9,938.3","10,000.0","9,887.4","9,843.9","9,748.0","9,761.8","9,764.5","9,932.9","9,995.2","9,923.1","9,921.8","9,943.8","10,032.1","10,113.0","10,237.5","10,215.2","10,386.2","10,587.2","10,625.7","10,607.9","10,580.0","10,640.3","10,910.7","10,945.7","10,956.5","10,953.0","11,090.6","11,151.8","11,148.3","11,129.8","11,211.7","11,302.6","11,380.4","11,324.3","11,539.4","11,541.1","11,587.8","11,663.9","11,974.7","12,051.7","12,064.4","12,146.7","12,109.6","11,982.1","11,999.6","12,094.7","12,138.2","12,279.1","12,509.1","12,730.7","12,949.2","13,367.4","13,511.3","13,465.1","13,632.5","13,864.1","13,755.3","13,848.6","14,183.4","14,317.0","14,418.2","14,433.6","14,442.7"
"1.2.3.4.2. 예금은행 지역별 가계대출(말잔)","  주택담보대출-예금은행","전북","십억원","원자료","3,998.3","4,062.8","4,089.2","4,135.1","4,183.3","4,323.9","4,385.2","4,424.3","4,487.4","4,544.7","4,650.1","4,678.6","4,627.9","4,650.0","4,719.7","4,763.5","4,786.8","4,803.8","4,858.1","4,936.1","4,995.3","5,010.3","5,048.1","5,122.6","5,093.6","5,120.5","5,165.7","5,316.9","5,314.3","5,143.5","5,039.1","5,143.9","5,150.1","5,208.7","5,243.0","5,321.7","5,265.1","5,270.9","5,295.7","5,311.8","5,327.0","5,359.5","5,439.2","5,470.1","5,477.4","5,506.3","5,536.7","5,569.8","5,526.5","5,545.9","5,579.2","5,590.5","5,597.1","5,650.3","5,712.2","5,805.4","5,810.1","5,830.7","5,911.2","5,931.0","5,911.7","5,998.6","5,989.4","5,982.7","5,900.6","5,899.5","5,889.9","5,962.1","5,971.8","5,993.3","6,027.7","6,073.3","6,060.6","6,170.5","6,177.2","6,152.4","6,163.7","6,104.0","6,176.1","6,204.3","6,240.3","6,354.5","6,473.5","6,488.8","6,518.9","6,474.6","6,493.7","6,561.6","6,530.0","6,536.8","6,519.4","6,507.3","6,646.8","6,712.9","6,716.7","6,758.5","6,737.5","6,793.7","6,766.0","6,703.3","6,675.7","6,578.6","6,597.9","6,648.2","6,697.3","6,744.6","6,662.8","6,683.6","6,704.2","6,700.6","6,643.7","6,638.4","6,688.1","6,687.9","6,678.0","6,676.2","6,660.2","6,756.2","6,765.3","6,846.4","6,848.2","6,804.9","6,725.3","6,675.7","6,606.7","6,657.4","6,722.2","6,828.5","6,873.5","6,881.0","6,887.4","6,883.4","6,976.1","7,032.2","6,939.2","6,985.8","7,150.7","7,318.8","7,440.7","7,512.2","7,619.9","7,625.1","7,732.7","7,899.7"
"1.2.3.4.2. 예금은행 지역별 가계대출(말잔)","  주택담보대출-예금은행","전남","십억원","원자료","2,456.6","2,495.2","2,564.1","2,579.9","2,620.0","2,691.8","2,702.8","2,736.5","2,749.5","2,768.2","2,808.2","2,831.5","2,834.5","2,807.5","2,835.3","2,881.0","2,937.6","2,953.4","2,963.0","3,029.4","3,064.8","3,100.7","3,153.8","3,183.1","3,168.0","3,221.5","3,277.7","3,325.8","3,297.0","3,199.4","3,179.8","3,228.5","3,248.4","3,268.2","3,313.8","3,350.9","3,343.0","3,337.2","3,369.5","3,374.3","3,376.1","3,399.2","3,447.9","3,509.1","3,519.2","3,557.1","3,543.8","3,552.4","3,519.3","3,483.8","3,499.3","3,488.3","3,485.8","3,549.3","3,563.2","3,567.3","3,583.7","3,615.8","3,651.5","3,707.5","3,697.7","3,770.9","3,811.7","3,845.7","3,808.5","3,874.2","3,860.2","3,894.7","3,917.2","4,039.0","4,107.2","4,122.0","4,134.0","4,230.6","4,317.0","4,479.4","4,561.5","4,558.1","4,673.0","4,721.6","4,792.4","4,887.0","5,008.1","5,041.3","5,089.8","5,091.6","5,193.6","5,307.7","5,414.1","5,443.6","5,450.0","5,519.2","5,626.1","5,667.6","5,860.2","6,039.1","6,071.5","6,129.6","6,172.3","6,178.7","6,165.1","6,141.4","6,275.8","6,329.0","6,365.7","6,434.0","6,361.0","6,294.9","6,366.3","6,310.9","6,267.6","6,199.6","6,164.2","6,173.5","6,229.6","6,182.6","6,200.0","6,240.1","6,246.9","6,296.4","6,289.1","6,267.2","6,176.6","6,075.1","6,148.0","6,191.4","6,219.9","6,267.4","6,296.6","6,242.0","6,224.7","6,251.8","6,337.3","6,360.9","6,314.9","6,332.1","6,362.9","6,485.9","6,665.1","6,849.1","6,911.9","6,892.8","6,912.8","7,046.5"
"1.2.3.4.2. 예금은행 지역별 가계대출(말잔)","  주택담보대출-예금은행","경북","십억원","원자료","3,671.3","3,661.1","3,711.1","3,755.5","3,838.4","3,965.1","3,999.1","4,068.3","4,090.0","4,162.7","4,246.9","4,359.3","4,354.7","4,394.2","4,488.3","4,637.6","4,707.5","4,797.9","4,901.1","5,046.9","5,238.4","5,456.7","5,730.3","5,926.2","6,039.3","6,244.9","6,381.6","6,601.2","6,690.4","6,724.8","6,919.1","7,135.8","7,277.0","7,486.6","7,652.0","7,792.9","7,808.7","7,732.1","7,826.4","7,883.3","7,968.7","7,951.7","8,166.6","8,273.5","8,358.0","8,482.7","8,593.7","8,567.6","8,577.3","8,594.6","8,604.2","8,636.9","8,614.5","8,559.3","8,526.3","8,474.2","8,404.8","8,410.5","8,482.6","8,473.6","8,431.7","8,304.7","8,235.2","8,193.7","8,175.6","8,219.0","8,317.2","8,299.7","8,245.4","8,226.5","8,261.4","8,244.3","8,311.2","8,376.5","8,407.8","8,465.1","8,483.5","8,502.2","8,532.3","8,478.8","8,559.6","8,635.4","8,718.9","8,675.7","8,677.2","8,776.4","8,815.6","8,863.4","8,774.0","8,644.0","8,663.7","8,649.4","8,625.8","8,647.3","8,738.4","8,815.2","8,826.9","8,820.7","8,838.8","8,712.5","8,668.1","8,595.6","8,562.7","8,561.6","8,660.9","8,694.7","8,627.6","8,590.2","8,587.3","8,655.6","8,653.1","8,627.2","8,690.9","8,734.0","8,757.3","8,781.6","8,801.2","8,911.5","8,990.2","9,181.6","9,301.2","9,161.2","9,134.2","9,113.4","9,306.6","9,477.7","9,648.0","9,838.2","9,995.5","10,145.6","10,194.8","10,350.8","10,452.4","10,531.2","10,349.1","10,587.9","10,819.6","10,929.2","11,095.8","11,198.6","11,261.2","11,279.5","11,357.9","11,251.9"
"1.2.3.4.2. 예금은행 지역별 가계대출(말잔)","  주택담보대출-예금은행","경남","십억원","원자료","10,833.2","10,735.7","10,914.2","11,013.8","11,158.9","11,605.1","11,651.7","11,881.3","12,016.4","12,168.1","12,310.4","12,524.3","12,530.4","12,610.5","12,659.4","12,849.1","13,012.6","13,220.1","13,517.7","13,870.1","13,973.9","14,183.7","14,529.3","14,727.8","14,781.3","14,892.6","15,070.4","15,323.7","15,527.7","15,168.6","15,203.6","15,425.7","15,573.5","15,702.0","15,890.9","16,344.2","16,519.2","16,595.2","16,642.9","16,855.8","17,082.7","17,313.0","17,530.3","17,731.0","18,018.0","18,178.8","18,460.7","18,507.4","18,639.7","18,689.7","18,820.8","18,801.9","18,774.8","18,911.8","18,850.6","18,713.4","18,750.4","18,891.9","18,869.5","18,785.0","18,738.4","18,842.4","18,956.6","19,009.0","19,037.1","19,130.1","19,249.8","19,356.4","19,405.2","19,328.3","19,222.5","19,432.7","19,610.2","19,814.4","19,832.1","19,823.7","19,750.7","19,721.5","19,601.1","19,565.4","19,549.6","19,582.5","19,625.4","19,548.1","19,435.0","19,256.1","19,235.9","19,297.4","19,272.4","19,080.4","19,035.3","19,055.8","19,208.9","19,330.3","19,420.6","19,654.3","19,724.7","19,949.5","20,137.0","19,963.7","19,933.6","20,051.2","20,235.7","20,337.6","20,575.6","20,702.9","20,628.2","20,619.0","20,739.4","20,817.1","20,918.6","21,152.5","21,155.9","21,015.6","21,082.6","21,320.8","21,437.2","21,871.6","22,035.6","22,262.8","22,337.8","22,260.9","22,402.2","22,018.6","22,272.0","22,428.4","22,450.6","22,623.7","22,884.5","23,161.0","23,113.1","23,271.2","23,478.3","23,498.0","23,339.2","23,419.4","23,538.8","23,742.1","24,051.7","24,341.6","24,377.5","24,423.2","24,375.6","24,400.9"
"1.2.3.4.2. 예금은행 지역별 가계대출(말잔)","  주택담보대출-예금은행","제주","십억원","원자료","801.3","825.3","832.0","831.9","848.3","882.1","885.0","884.9","892.1","921.9","936.3","962.7","961.2","967.7","979.8","986.1","1,002.4","1,036.1","1,046.0","1,071.1","1,094.2","1,136.3","1,160.8","1,190.1","1,262.0","1,303.1","1,339.3","1,408.2","1,405.6","1,415.1","1,490.7","1,566.1","1,594.9","1,670.2","1,721.2","1,832.1","1,917.3","1,961.4","2,031.7","2,137.3","2,191.9","2,261.9","2,327.3","2,389.7","2,442.1","2,472.3","2,511.1","2,581.1","2,630.3","2,653.5","2,695.0","2,711.2","2,726.5","2,795.4","2,783.6","2,792.5","2,822.3","2,826.5","2,860.4","2,879.1","2,920.9","2,936.6","2,937.6","2,946.3","2,957.6","2,986.9","3,008.4","3,032.0","3,064.6","3,080.3","3,095.0","3,105.8","3,142.1","3,151.1","3,152.2","3,156.3","3,158.9","3,165.0","3,203.3","3,231.0","3,258.1","3,299.5","3,340.4","3,375.5","3,379.9","3,373.1","3,379.4","3,385.3","3,381.6","3,325.7","3,329.2","3,373.1","3,387.1","3,399.5","3,407.8","3,429.7","3,476.9","3,515.2","3,504.4","3,471.8","3,453.4","3,454.6","3,511.4","3,545.7","3,596.7","3,617.9","3,639.5","3,657.9","3,710.2","3,695.5","3,714.6","3,711.9","3,720.6","3,718.9","3,715.6","3,730.6","3,807.2","3,811.6","3,817.0","3,873.2","3,873.1","3,878.2","3,818.6","3,802.7","3,821.5","3,849.4","3,891.3","3,936.5","3,947.1","3,959.6","3,985.3","4,031.3","4,065.8","4,098.5","4,114.9","4,175.4","4,238.9","4,274.3","4,325.2","4,384.6","4,413.4","4,448.8","4,469.6","4,491.3"
"1.2.3.4.2. 예금은행 지역별 가계대출(말잔)","  주택담보대출-예금은행","세종","십억원","원자료","875.0","936.7","990.9","984.4","1,021.1","1,086.2","1,175.5","1,241.6","1,250.2","1,367.4","1,416.7","1,515.0","1,573.0","1,687.8","1,738.7","1,766.2","1,859.0","1,966.0","1,952.0","2,054.8","2,156.0","2,222.5","2,217.1","2,317.7","2,342.8","2,220.0","2,349.4","2,386.9","2,500.2","2,562.3","2,638.2","2,701.1","2,706.6","2,795.1","2,899.0","2,984.1","3,113.2","3,125.1","3,205.4","3,316.0","3,409.7","3,470.4","3,533.8","3,624.5","3,765.1","3,828.9","3,872.3","3,920.5","4,007.6","3,996.9","4,103.5","4,065.2","4,142.7","4,268.2","4,352.5","4,308.5","4,282.0","4,356.9","4,330.8","4,291.9","4,292.6","4,344.7","4,406.6","4,519.2","4,590.5","4,659.3","4,704.3","4,721.6","4,685.8","4,689.2","4,617.6","4,693.8","4,702.8","4,657.8","4,742.1","4,732.6","4,676.5","4,772.6","4,885.4","4,873.6","4,903.6","4,999.3","4,975.1","4,986.4","4,984.2","4,988.9","4,982.1","4,965.3","4,981.0","5,096.7","5,065.2","5,084.8","5,063.2","5,127.1","5,113.8","5,101.1","5,082.7","5,153.1","5,165.7","5,046.2","5,032.6","5,059.5","5,211.1","5,256.7","5,285.1","5,281.9","5,222.9","5,146.8","5,208.6","5,170.6","5,156.8","5,195.6","5,261.3","5,207.9","5,218.5","5,195.7","5,211.4","5,236.7","5,326.5","5,336.4","5,314.9","5,308.4","5,342.9","5,423.1","5,443.1","5,414.2","5,454.1","5,526.7","5,583.2","5,596.2","5,601.5","5,680.5","5,677.0","5,654.5","5,604.2","5,694.4","5,742.8","5,716.7","5,962.9","6,080.0","6,129.3","6,111.6","6,105.0","6,086.9"
"1.2.3.4.2. 예금은행 지역별 가계대출(말잔)","  기타대출-예금은행","전국","십억원","원자료","147,817.4","147,112.5","146,406.9","147,493.7","148,153.1","149,447.4","149,563.5","150,614.1","150,493.3","151,190.6","152,129.2","152,208.2","150,363.4","150,988.3","150,388.2","150,662.7","150,794.5","151,267.5","151,535.7","151,541.4","151,735.2","152,622.2","153,615.9","154,057.1","152,925.9","152,408.0","152,179.9","152,692.7","153,737.4","155,011.0","155,891.5","157,539.8","157,865.9","159,768.7","161,367.2","161,999.3","161,407.5","161,690.7","162,202.4","162,876.0","164,888.1","166,570.5","167,073.7","169,658.5","170,368.0","172,414.0","175,052.4","174,856.2","174,099.0","174,932.9","175,304.8","176,667.0","179,212.8","181,051.6","182,953.0","186,384.0","188,031.3","191,533.7","195,164.8","196,469.3","197,826.7","198,545.0","200,035.9","202,683.9","205,065.9","206,839.8","208,499.6","211,002.3","212,419.4","216,574.0","218,452.2","218,819.4","217,410.3","217,444.4","217,452.5","218,299.6","220,345.2","221,776.1","223,824.3","226,568.7","227,415.5","230,042.3","232,134.1","233,752.3","233,159.8","234,639.8","237,954.0","237,899.5","239,017.1","242,083.1","245,733.5","251,396.5","254,425.3","258,211.2","265,573.5","265,972.7","268,560.1","268,818.4","269,596.8","281,418.6","275,941.3","277,195.6","280,770.6","281,055.1","281,804.1","282,258.0","282,762.7","280,543.0","278,357.6","276,484.8","273,430.0","272,606.4","272,174.9","271,036.8","268,801.0","267,479.3","265,340.4","263,380.8","261,300.8","258,442.4","253,797.5","251,393.8","248,419.0","247,896.1","247,835.7","246,669.7","246,615.1","246,481.2","245,185.1","246,193.3","245,836.1","243,848.5","242,374.7","239,644.3","237,540.3","238,112.6","238,439.9","238,139.2","237,999.6","239,083.9","238,631.8","238,914.1","239,370.6","238,248.3"
"1.2.3.4.2. 예금은행 지역별 가계대출(말잔)","  기타대출-예금은행","서울","십억원","원자료","63,541.5","63,335.9","63,099.1","63,836.9","64,141.6","64,584.1","64,719.5","65,109.4","65,095.4","65,268.8","65,644.1","65,366.9","64,714.5","65,154.1","64,866.1","64,761.2","64,686.2","64,813.0","64,899.4","65,048.1","65,127.5","65,169.0","65,686.1","65,840.7","65,377.8","65,249.2","65,350.1","65,581.0","65,703.2","66,265.2","66,110.9","66,599.5","66,774.7","67,430.6","68,006.1","68,170.9","67,815.2","68,458.7","68,477.7","68,539.2","69,114.7","69,438.2","69,603.5","70,288.7","70,397.3","70,853.2","71,697.7","71,240.9","70,763.8","70,721.6","70,540.0","70,977.9","71,866.4","72,606.0","73,856.8","75,646.4","76,735.8","78,396.3","80,054.9","80,583.2","81,329.7","81,806.0","82,728.3","83,948.9","84,817.9","85,455.4","86,322.3","87,474.3","88,283.7","90,269.1","91,119.2","91,375.4","90,837.9","90,841.5","90,965.1","91,332.1","92,500.1","93,397.1","94,725.5","96,403.7","96,871.2","98,076.7","99,024.1","99,700.9","99,210.1","99,840.6","102,091.8","101,802.5","102,273.8","103,484.3","105,395.7","108,287.7","109,881.6","111,637.5","115,197.1","115,016.9","116,661.3","116,575.2","117,051.8","124,082.4","120,594.3","121,201.4","125,239.2","125,239.4","126,118.4","126,816.2","127,258.6","126,432.9","126,289.6","127,557.6","126,298.2","126,197.5","126,301.5","126,158.2","125,383.9","125,123.2","124,706.4","124,161.2","123,525.7","121,964.6","120,031.5","119,100.8","118,097.4","118,437.9","118,602.3","118,024.3","118,315.8","118,334.7","117,951.3","118,835.3","118,921.7","118,215.8","118,170.4","117,044.0","116,191.3","116,501.8","116,737.1","116,191.9","116,358.9","116,770.8","116,362.9","116,365.5","116,678.5","116,013.4"
"1.2.3.4.2. 예금은행 지역별 가계대출(말잔)","  기타대출-예금은행","부산","십억원","원자료","7,730.4","7,715.0","7,647.8","7,680.2","7,672.0","7,747.0","7,721.4","7,765.9","7,752.7","7,764.8","7,781.3","7,794.1","7,680.2","7,638.4","7,603.4","7,624.9","7,632.6","7,664.3","7,698.0","7,709.2","7,614.8","7,725.9","7,782.0","7,784.8","7,705.6","7,667.5","7,692.3","7,762.4","7,802.6","7,904.2","7,990.9","8,112.7","8,120.5","8,270.9","8,360.1","8,406.3","8,381.7","8,381.6","8,423.8","8,490.7","8,653.3","8,859.0","8,902.8","9,138.0","9,201.8","9,364.2","9,543.2","9,569.7","9,583.6","9,689.7","9,803.7","9,919.6","10,151.5","10,324.9","10,434.3","10,583.0","10,657.5","10,857.5","11,048.6","11,134.0","11,237.1","11,360.0","11,483.3","11,605.9","11,716.9","11,869.9","11,888.4","12,015.0","12,063.6","12,271.4","12,330.8","12,418.3","12,299.9","12,290.0","12,266.8","12,295.7","12,345.0","12,395.3","12,458.4","12,557.0","12,600.1","12,663.1","12,780.8","12,824.1","12,765.5","12,746.8","12,706.7","12,641.0","12,651.9","12,717.5","12,857.0","13,074.4","13,205.5","13,501.4","13,925.6","14,023.3","14,108.3","14,169.1","14,167.8","14,664.7","14,466.3","14,454.2","14,456.6","14,464.0","14,435.6","14,379.4","14,376.0","14,264.7","14,115.0","13,904.7","13,738.5","13,662.5","13,600.7","13,535.7","13,376.1","13,274.6","13,148.9","12,967.2","12,825.4","13,108.6","12,908.5","12,775.0","12,580.3","12,583.6","12,596.5","12,583.1","12,596.3","12,613.1","12,555.9","12,615.8","12,580.8","12,396.8","12,280.9","12,142.0","12,069.2","12,100.5","12,113.6","12,216.9","12,216.4","12,288.5","12,337.3","12,402.7","12,439.1","12,376.5"
"1.2.3.4.2. 예금은행 지역별 가계대출(말잔)","  기타대출-예금은행","대구","십억원","원자료","5,258.6","5,225.3","5,167.6","5,191.4","5,175.4","5,229.7","5,183.5","5,222.1","5,206.4","5,236.7","5,252.1","5,338.1","5,247.5","5,282.3","5,265.0","5,274.5","5,259.0","5,292.9","5,350.8","5,314.4","5,380.2","5,446.6","5,464.2","5,516.1","5,451.5","5,440.6","5,433.4","5,467.1","5,509.9","5,686.1","5,762.2","5,850.7","5,848.2","5,975.0","5,987.3","6,033.5","6,034.9","5,998.5","6,054.7","6,049.1","6,105.6","6,174.8","6,170.2","6,246.1","6,298.9","6,408.1","6,539.3","6,548.7","6,524.4","6,551.1","6,563.1","6,639.3","6,753.3","6,814.6","6,870.5","6,973.5","7,012.0","7,116.7","7,237.0","7,269.5","7,326.6","7,157.5","6,884.3","6,986.4","7,137.2","7,219.5","7,238.5","7,304.3","7,413.0","7,546.8","7,474.8","7,536.4","7,486.5","7,484.5","7,387.6","7,390.6","7,418.5","7,528.1","7,509.4","7,514.4","7,576.9","7,827.2","7,941.9","8,231.1","8,439.5","8,550.9","8,627.6","8,620.3","8,697.1","8,822.1","8,975.5","9,186.6","9,357.2","9,569.5","9,923.1","9,975.6","10,146.0","10,226.2","10,298.8","10,740.3","10,550.1","10,609.6","10,686.6","10,721.5","10,804.9","10,811.2","10,804.2","10,775.3","10,616.2","10,392.2","10,236.1","10,151.4","10,099.8","10,009.7","9,885.2","9,813.5","9,721.9","9,644.6","9,553.0","9,454.4","9,300.9","9,179.8","9,099.3","9,080.4","9,145.2","9,158.0","9,210.5","9,230.1","9,180.3","9,220.2","9,252.0","9,126.5","9,007.0","8,875.5","8,800.7","8,837.8","8,855.0","8,954.9","8,962.3","8,999.8","9,014.0","9,038.5","8,982.1","8,875.1"
"1.2.3.4.2. 예금은행 지역별 가계대출(말잔)","  기타대출-예금은행","인천","십억원","원자료","5,400.8","5,378.2","5,356.9","5,332.5","5,389.8","5,431.5","5,444.4","5,514.1","5,515.9","5,527.2","5,564.6","5,563.7","5,501.2","5,527.8","5,529.4","5,518.7","5,535.6","5,553.7","5,567.2","5,514.1","5,522.5","5,588.6","5,602.8","5,625.9","5,615.4","5,579.9","5,531.2","5,518.2","5,608.3","5,636.6","5,788.9","5,913.1","5,963.6","6,044.8","6,111.1","6,098.4","6,137.6","6,029.6","6,040.7","6,079.6","6,184.9","6,290.4","6,320.5","6,436.1","6,485.5","6,570.6","6,705.1","6,708.1","6,683.6","6,750.4","6,799.3","6,879.8","6,988.8","7,022.3","7,105.8","7,257.0","7,359.6","7,532.3","7,710.6","7,755.0","7,807.0","7,873.7","8,009.1","8,080.6","8,199.1","8,276.9","8,372.4","8,482.0","8,523.5","8,649.1","8,748.7","8,767.1","8,735.3","8,744.8","8,765.0","8,779.1","8,876.2","8,917.4","8,932.4","8,995.0","9,022.8","9,120.4","9,212.5","9,237.6","9,249.8","9,334.4","9,415.1","9,470.6","9,538.7","9,676.7","9,789.9","9,879.3","9,939.5","10,000.8","10,206.2","10,215.8","10,275.1","10,304.3","10,342.9","10,591.5","10,473.8","10,533.0","10,503.2","10,536.4","10,549.2","10,536.1","10,558.4","10,510.8","10,378.6","10,125.7","10,030.9","9,993.7","9,969.7","9,932.7","9,834.1","9,763.4","9,666.0","9,590.7","9,493.4","9,376.3","9,212.4","9,065.9","8,942.6","8,819.1","8,755.4","8,697.3","8,629.0","8,538.6","8,508.4","8,523.7","8,501.8","8,557.8","8,311.2","8,181.4","8,060.3","8,022.5","8,013.9","7,997.1","8,000.6","8,042.4","8,051.8","8,064.3","8,050.1","8,023.4"
"1.2.3.4.2. 예금은행 지역별 가계대출(말잔)","  기타대출-예금은행","광주","십억원","원자료","2,647.2","2,603.4","2,572.6","2,579.8","2,569.8","2,585.9","2,579.4","2,601.3","2,583.6","2,602.3","2,653.0","2,727.6","2,611.2","2,597.2","2,571.3","2,568.0","2,567.5","2,610.9","2,654.4","2,603.9","2,612.2","2,624.1","2,670.9","2,709.7","2,691.7","2,693.4","2,661.6","2,667.4","2,702.2","2,733.3","2,783.0","2,823.0","2,811.5","2,896.8","2,891.5","2,955.8","2,900.2","2,906.8","2,935.4","2,902.5","2,955.7","3,029.7","3,039.7","3,112.0","3,143.6","3,192.5","3,267.3","3,281.1","3,267.3","3,327.6","3,372.6","3,420.6","3,506.9","3,537.2","3,575.4","3,647.4","3,661.2","3,763.3","3,841.0","3,866.0","3,897.0","3,881.4","3,907.6","3,967.9","4,036.8","4,090.3","4,106.7","4,171.1","4,197.4","4,321.7","4,363.1","4,406.5","4,380.2","4,385.9","4,377.9","4,415.3","4,463.0","4,471.1","4,495.3","4,531.2","4,539.9","4,729.5","4,717.3","4,795.8","4,705.1","4,811.2","4,820.3","4,907.4","4,874.4","5,023.7","5,086.9","5,152.5","5,179.9","5,247.5","5,363.5","5,344.2","5,375.0","5,392.2","5,406.1","5,646.2","5,593.4","5,653.8","5,744.8","5,805.3","5,832.0","5,866.1","5,871.9","5,801.5","5,729.4","5,637.4","5,633.7","5,661.5","5,704.6","5,710.1","5,760.1","5,794.6","5,812.6","5,827.8","5,854.5","5,889.4","5,850.6","5,873.2","5,866.2","5,907.2","5,946.9","5,929.8","5,942.2","5,973.8","5,933.9","5,944.3","5,944.8","5,886.9","5,831.7","5,764.6","5,687.2","5,705.9","5,654.9","5,603.9","5,550.5","5,572.3","5,544.6","5,569.9","5,652.9","5,778.1"
"1.2.3.4.2. 예금은행 지역별 가계대출(말잔)","  기타대출-예금은행","대전","십억원","원자료","3,755.3","3,722.6","3,700.1","3,732.2","3,748.7","3,786.9","3,784.8","3,824.9","3,836.9","3,853.1","3,897.3","3,906.5","3,835.4","3,848.7","3,829.7","3,830.5","3,839.1","3,882.8","3,899.0","3,859.0","3,853.3","3,892.3","3,911.4","3,912.9","3,873.4","3,845.5","3,844.3","3,856.3","3,901.1","3,942.3","3,979.1","3,927.6","4,039.0","4,102.7","4,151.6","4,173.5","4,180.5","4,165.8","4,197.0","4,207.1","4,292.4","4,343.1","4,343.1","4,410.0","4,403.8","4,464.1","4,552.2","4,521.7","4,493.3","4,514.6","4,537.3","4,581.1","4,677.6","4,730.4","4,713.6","4,770.0","4,762.5","4,853.2","4,917.1","4,892.9","4,948.9","4,965.0","4,981.0","5,034.9","5,097.3","5,169.0","5,196.5","5,258.1","5,273.2","5,380.5","5,434.8","5,428.2","5,385.6","5,385.3","5,381.5","5,408.7","5,444.3","5,462.6","5,498.7","5,552.9","5,572.2","5,630.2","5,698.8","5,746.7","5,728.4","5,762.1","5,814.6","5,809.8","5,835.4","5,906.6","6,000.3","6,146.3","6,212.7","6,345.9","6,558.5","6,539.0","6,606.6","6,603.4","6,603.6","6,901.2","6,728.9","6,749.2","6,790.5","6,766.4","6,761.4","6,736.6","6,746.5","6,640.3","6,604.6","6,467.4","6,387.0","6,299.3","6,273.6","6,217.7","6,129.1","6,069.2","5,989.4","5,917.7","5,839.6","5,694.4","5,570.8","5,471.2","5,357.6","5,316.3","5,293.9","5,256.4","5,237.7","5,228.1","5,191.4","5,231.6","5,190.8","5,087.2","5,043.7","4,976.9","4,923.0","4,942.0","4,950.9","4,937.9","4,913.5","4,938.3","4,938.5","4,943.4","4,938.3","4,906.9"
"1.2.3.4.2. 예금은행 지역별 가계대출(말잔)","  기타대출-예금은행","울산","십억원","원자료","2,046.4","2,025.9","2,026.4","2,061.4","2,102.7","2,167.4","2,172.7","2,183.9","2,156.3","2,162.0","2,199.2","2,192.7","2,160.2","2,174.0","2,173.9","2,188.3","2,215.4","2,235.3","2,258.3","2,247.1","2,270.0","2,283.2","2,323.2","2,324.1","2,315.9","2,298.3","2,326.7","2,358.2","2,415.6","2,453.2","2,505.4","2,536.7","2,570.8","2,617.2","2,683.5","2,706.3","2,714.3","2,708.0","2,756.1","2,778.8","2,864.6","2,913.3","2,937.9","2,995.7","3,027.5","3,050.2","3,112.2","3,096.8","3,075.3","3,112.6","3,191.9","3,213.8","3,268.9","3,325.3","3,384.1","3,444.9","3,472.5","3,477.9","3,559.1","3,557.8","3,558.5","3,573.2","3,604.4","3,663.2","3,719.8","3,762.2","3,771.4","3,809.2","3,806.5","3,848.8","3,883.7","3,760.9","3,837.2","3,823.3","3,823.0","3,831.2","3,869.4","3,862.7","3,888.7","3,917.5","3,916.0","3,935.6","3,989.2","3,983.5","3,975.0","3,982.3","4,029.8","4,087.1","4,117.0","4,159.2","4,209.2","4,290.4","4,333.0","4,407.8","4,520.0","4,504.9","4,514.7","4,508.9","4,508.0","4,643.3","4,584.5","4,582.5","4,546.2","4,552.1","4,529.4","4,516.1","4,517.2","4,484.9","4,397.9","4,320.3","4,249.2","4,239.1","4,215.7","4,192.6","4,130.3","4,092.4","4,034.8","3,985.5","3,936.8","3,851.8","3,764.9","3,714.2","3,624.1","3,597.9","3,588.0","3,571.1","3,560.0","3,565.4","3,522.5","3,526.9","3,514.5","3,441.7","3,410.1","3,357.4","3,311.2","3,338.7","3,347.9","3,378.7","3,356.5","3,376.7","3,372.0","3,381.0","3,377.0","3,354.2"
"1.2.3.4.2. 예금은행 지역별 가계대출(말잔)","  기타대출-예금은행","경기","십억원","원자료","31,239.8","31,132.9","31,056.3","31,084.7","31,191.7","31,522.7","31,537.6","31,774.9","31,823.6","32,011.5","32,149.3","32,192.2","31,893.3","31,992.7","31,975.9","32,264.8","32,314.3","32,392.6","32,421.9","32,575.1","32,534.0","32,800.7","32,754.8","32,644.8","32,407.2","32,160.5","32,009.1","31,971.4","32,232.9","32,080.2","32,413.7","32,652.3","32,576.9","32,832.0","33,076.3","33,072.5","32,904.4","32,665.1","32,785.6","32,952.8","33,296.9","33,484.9","33,549.2","34,098.7","34,299.3","34,823.2","35,276.2","35,330.4","35,239.2","35,482.2","35,585.7","35,798.0","36,153.1","36,410.5","36,438.7","36,903.1","37,033.3","37,557.3","38,169.8","38,457.9","38,565.9","38,729.5","39,043.6","39,543.6","39,987.6","40,301.2","40,607.5","41,021.1","41,254.2","41,962.3","42,303.8","42,242.9","41,914.2","41,952.1","41,966.0","42,219.1","42,507.9","42,734.1","43,100.6","43,553.8","43,707.2","44,152.6","44,240.2","44,477.7","44,576.4","44,807.2","45,270.7","45,296.7","45,524.2","46,200.0","46,830.7","47,832.5","48,379.8","48,897.0","50,123.4","50,342.5","50,619.4","50,717.0","50,843.3","52,489.3","51,616.5","51,838.3","51,482.2","51,546.8","51,582.0","51,539.2","51,566.7","51,151.2","50,491.7","49,217.9","48,663.9","48,469.7","48,232.7","47,964.8","47,586.1","47,210.7","46,553.4","46,076.8","45,618.0","45,171.6","44,264.3","43,790.8","43,145.8","42,759.9","42,587.1","42,399.2","42,317.4","42,242.8","41,985.1","41,972.7","41,836.6","41,489.5","41,091.2","40,624.3","40,326.0","40,414.3","40,491.8","40,590.3","40,522.9","40,812.4","40,866.7","40,938.0","41,021.3","40,845.9"
"1.2.3.4.2. 예금은행 지역별 가계대출(말잔)","  기타대출-예금은행","강원","십억원","원자료","2,927.7","2,914.6","2,878.3","2,900.3","2,919.7","2,934.5","2,932.1","2,953.6","2,933.0","2,945.0","2,959.8","2,978.6","2,932.8","2,941.5","2,910.6","2,920.2","2,923.8","2,918.4","2,909.9","2,916.8","2,918.0","2,937.6","2,958.5","2,979.5","2,959.5","2,964.8","2,917.0","2,942.0","2,965.7","3,001.3","3,009.7","3,045.3","3,048.3","3,080.0","3,129.1","3,159.7","3,167.5","3,174.4","3,176.4","3,210.3","3,254.8","3,294.5","3,290.4","3,356.0","3,362.1","3,422.0","3,481.8","3,494.1","3,472.4","3,486.0","3,478.2","3,513.5","3,553.6","3,601.4","3,614.0","3,669.1","3,686.8","3,748.9","3,816.8","3,857.1","3,875.2","3,872.8","3,885.9","3,924.6","3,967.2","3,993.5","4,002.3","4,041.8","4,045.7","4,100.6","4,142.4","4,166.3","4,125.5","4,130.2","4,125.3","4,129.0","4,155.5","4,161.7","4,174.4","4,208.3","4,197.5","4,202.7","4,282.8","4,308.3","4,289.6","4,307.6","4,317.0","4,327.6","4,346.2","4,393.1","4,409.4","4,483.0","4,513.3","4,563.3","4,647.6","4,654.2","4,684.3","4,679.8","4,666.0","4,770.7","4,739.6","4,769.3","4,703.9","4,719.4","4,703.8","4,699.3","4,698.4","4,650.5","4,578.5","4,469.9","4,394.0","4,370.6","4,363.1","4,332.9","4,276.9","4,236.9","4,188.7","4,141.4","4,089.7","4,038.4","3,947.7","3,906.2","3,828.4","3,833.0","3,835.3","3,820.0","3,795.5","3,785.0","3,748.5","3,749.4","3,726.2","3,705.6","3,660.7","3,611.0","3,560.6","3,572.4","3,576.1","3,571.9","3,543.5","3,554.0","3,531.2","3,532.1","3,531.3","3,521.7"
"1.2.3.4.2. 예금은행 지역별 가계대출(말잔)","  기타대출-예금은행","충북","십억원","원자료","2,466.7","2,446.8","2,427.9","2,441.8","2,441.7","2,467.8","2,468.5","2,487.1","2,485.9","2,504.8","2,523.2","2,536.0","2,493.5","2,506.9","2,498.9","2,515.7","2,530.2","2,541.1","2,534.1","2,540.1","2,547.3","2,578.1","2,597.9","2,632.7","2,623.6","2,650.9","2,618.1","2,629.8","2,657.6","2,704.5","2,720.7","2,769.3","2,770.4","2,781.4","2,839.8","2,875.3","2,854.2","2,853.4","2,861.5","2,889.8","2,943.7","2,985.2","2,964.4","3,015.9","3,015.8","3,070.8","3,125.9","3,129.2","3,133.9","3,157.6","3,159.9","3,148.3","3,188.2","3,225.8","3,237.3","3,284.0","3,280.5","3,323.0","3,367.3","3,388.7","3,405.0","3,409.2","3,460.6","3,511.9","3,567.5","3,590.0","3,605.0","3,643.2","3,658.1","3,725.7","3,771.4","3,785.3","3,767.4","3,752.9","3,752.7","3,768.2","3,791.2","3,796.3","3,813.8","3,842.3","3,854.5","3,840.9","3,944.5","3,961.7","3,933.6","3,955.0","3,987.1","3,994.2","4,022.0","4,074.1","4,121.1","4,213.3","4,255.4","4,308.6","4,419.6","4,418.4","4,458.8","4,462.9","4,464.2","4,601.7","4,567.6","4,582.1","4,534.9","4,558.8","4,516.4","4,502.5","4,504.7","4,458.5","4,396.7","4,291.5","4,228.1","4,204.5","4,190.1","4,134.9","4,076.4","4,039.4","3,988.9","3,932.2","3,877.1","3,812.8","3,728.8","3,658.1","3,598.6","3,539.3","3,541.0","3,549.6","3,536.0","3,534.0","3,511.2","3,520.3","3,515.8","3,503.1","3,450.7","3,407.6","3,371.8","3,386.5","3,393.3","3,385.8","3,381.3","3,397.6","3,393.1","3,400.0","3,401.3","3,395.4"
"1.2.3.4.2. 예금은행 지역별 가계대출(말잔)","  기타대출-예금은행","충남","십억원","원자료","4,091.5","4,068.5","4,029.0","4,050.6","4,083.5","4,110.7","4,123.5","4,153.2","4,111.3","4,120.8","4,138.4","4,141.3","4,071.0","4,086.0","4,047.8","4,034.6","4,058.0","4,077.2","4,068.1","4,061.7","4,062.0","4,081.9","4,085.0","4,092.9","4,038.0","4,063.7","4,011.9","4,013.6","4,057.6","4,079.4","4,102.5","4,264.0","4,148.0","4,187.9","4,237.4","4,197.3","4,175.6","4,175.4","4,186.0","4,200.7","4,277.7","4,387.2","4,415.2","4,516.4","4,536.2","4,621.8","4,696.8","4,704.0","4,652.9","4,695.0","4,698.0","4,740.3","4,811.8","4,858.7","4,878.7","4,946.4","4,905.3","4,978.2","5,044.0","5,059.0","5,041.7","5,047.5","5,071.4","5,124.4","5,199.9","5,253.7","5,346.8","5,406.0","5,414.5","5,483.0","5,537.0","5,527.4","5,465.0","5,474.3","5,475.6","5,485.3","5,525.2","5,531.9","5,564.5","5,621.5","5,641.3","5,687.7","5,761.6","5,772.1","5,771.2","5,850.1","5,929.6","5,958.0","5,995.6","6,091.2","6,173.6","6,306.7","6,382.2","6,470.8","6,653.3","6,678.5","6,729.5","6,749.4","6,770.9","6,947.5","6,915.2","6,950.4","6,928.0","6,946.5","6,917.7","6,894.0","6,900.2","6,806.0","6,677.5","6,570.1","6,461.0","6,418.1","6,387.8","6,327.0","6,243.4","6,196.7","6,108.5","6,021.8","5,899.0","5,808.6","5,617.0","5,530.3","5,430.9","5,396.8","5,378.3","5,341.2","5,312.6","5,307.2","5,250.0","5,264.4","5,229.4","5,158.2","5,096.3","5,027.4","4,978.3","4,984.6","4,996.1","5,022.2","4,984.2","5,021.9","5,015.3","5,007.2","5,024.4","5,009.0"
"1.2.3.4.2. 예금은행 지역별 가계대출(말잔)","  기타대출-예금은행","전북","십억원","원자료","3,502.8","3,467.6","3,453.2","3,482.0","3,511.6","3,546.6","3,557.9","3,592.6","3,583.7","3,618.4","3,640.5","3,646.4","3,594.7","3,602.3","3,557.7","3,557.7","3,561.1","3,542.4","3,553.9","3,538.5","3,550.1","3,573.0","3,597.4","3,612.3","3,579.9","3,553.7","3,548.3","3,552.4","3,578.8","3,665.3","3,675.8","3,714.1","3,724.8","3,779.3","3,820.2","3,814.6","3,792.9","3,792.4","3,808.0","3,875.6","3,905.5","3,969.7","3,964.1","4,035.4","4,061.5","4,089.2","4,158.2","4,136.0","4,106.9","4,145.0","4,140.3","4,146.4","4,207.5","4,144.0","4,164.1","4,215.0","4,225.6","4,300.2","4,388.1","4,423.1","4,462.3","4,488.3","4,401.9","4,446.4","4,497.5","4,516.1","4,513.4","4,552.5","4,567.7","4,649.8","4,691.9","4,690.9","4,629.4","4,638.5","4,658.0","4,693.0","4,733.4","4,751.7","4,769.9","4,790.0","4,793.8","4,845.9","4,896.0","4,907.0","4,876.6","4,911.9","4,952.0","4,969.1","4,999.6","5,069.4","5,129.5","5,289.6","5,262.3","5,343.2","5,473.5","5,476.6","5,474.6","5,475.9","5,446.0","5,591.8","5,543.8","5,573.4","5,535.7","5,535.4","5,512.4","5,496.3","5,498.5","5,436.0","5,355.5","5,277.4","5,200.0","5,177.4","5,165.1","5,123.3","5,044.0","5,004.0","4,934.8","4,888.3","4,826.1","4,746.9","4,648.7","4,607.5","4,527.5","4,500.4","4,516.8","4,459.6","4,448.3","4,455.9","4,379.3","4,377.1","4,358.7","4,288.9","4,269.4","4,239.0","4,125.7","4,135.1","4,121.9","4,073.6","4,032.0","4,037.2","4,002.0","4,021.9","4,026.2","4,012.6"
"1.2.3.4.2. 예금은행 지역별 가계대출(말잔)","  기타대출-예금은행","전남","십억원","원자료","2,592.7","2,555.9","2,538.0","2,556.4","2,572.3","2,591.9","2,580.9","2,603.0","2,598.8","2,614.8","2,639.0","2,648.3","2,606.4","2,601.7","2,585.1","2,590.8","2,592.7","2,581.5","2,581.4","2,574.9","2,583.5","2,604.9","2,633.6","2,657.8","2,632.1","2,609.7","2,606.0","2,619.7","2,676.3","2,707.4","2,721.0","2,794.2","2,811.1","2,858.5","2,911.3","2,927.3","2,914.2","2,920.6","2,937.2","2,962.2","3,016.8","3,056.0","3,075.3","3,131.8","3,152.3","3,203.7","3,257.3","3,253.0","3,228.6","3,252.7","3,258.5","3,290.2","3,341.6","3,388.8","3,412.0","3,467.9","3,490.1","3,550.1","3,619.6","3,648.9","3,670.5","3,662.0","3,687.2","3,722.9","3,769.9","3,801.4","3,826.4","3,863.9","3,873.5","3,947.5","3,991.4","3,988.3","3,943.6","3,934.7","3,936.8","3,938.8","3,979.1","3,979.4","3,987.5","4,025.0","4,027.6","4,062.3","4,110.6","4,119.4","4,084.6","4,119.9","4,175.5","4,187.6","4,222.7","4,284.8","4,332.6","4,424.6","4,466.6","4,539.6","4,656.8","4,658.2","4,680.0","4,668.8","4,683.2","4,837.7","4,804.5","4,820.5","4,810.7","4,832.0","4,812.1","4,811.2","4,813.8","4,758.4","4,670.4","4,589.1","4,525.4","4,504.4","4,489.1","4,448.6","4,389.7","4,354.7","4,289.7","4,240.2","4,178.6","4,093.8","3,990.1","3,942.9","3,867.9","3,838.3","3,830.8","3,805.7","3,785.3","3,783.1","3,752.2","3,760.5","3,743.1","3,703.9","3,659.4","3,597.7","3,549.9","3,559.9","3,562.2","3,554.0","3,542.4","3,555.4","3,537.2","3,539.4","3,545.0","3,517.9"
"1.2.3.4.2. 예금은행 지역별 가계대출(말잔)","  기타대출-예금은행","경북","십억원","원자료","3,810.7","3,771.2","3,738.5","3,758.5","3,771.1","3,810.7","3,807.5","3,832.7","3,813.2","3,826.9","3,862.5","3,852.5","3,783.5","3,777.6","3,740.7","3,739.8","3,748.7","3,762.4","3,759.5","3,759.5","3,748.4","3,784.6","3,869.2","3,904.0","3,874.8","3,824.8","3,833.9","3,860.0","3,898.0","3,955.4","3,993.5","4,048.8","4,060.8","4,121.2","4,184.0","4,223.9","4,208.0","4,229.3","4,242.2","4,269.8","4,323.9","4,395.3","4,412.4","4,484.3","4,495.6","4,554.6","4,638.4","4,638.1","4,604.7","4,617.3","4,633.5","4,662.2","4,741.6","4,811.8","4,853.5","4,957.0","4,974.0","5,061.3","5,166.3","5,194.2","5,221.7","5,223.6","5,252.5","5,310.9","5,356.9","5,408.6","5,428.3","5,469.8","5,487.3","5,584.5","5,651.9","5,658.0","5,592.7","5,591.2","5,590.3","5,616.8","5,649.2","5,672.7","5,718.8","5,766.5","5,772.1","5,851.3","5,913.3","5,950.4","5,924.7","5,969.9","6,050.2","6,070.3","6,103.7","6,170.2","6,255.4","6,379.9","6,438.6","6,544.0","6,745.3","6,764.0","6,850.7","6,871.0","6,878.6","7,108.6","7,049.2","7,082.0","7,058.2","7,059.9","7,025.1","7,011.2","7,022.6","6,896.6","6,801.0","6,673.9","6,613.5","6,591.0","6,580.7","6,538.2","6,450.6","6,406.9","6,319.6","6,243.6","6,157.0","6,052.6","5,916.3","5,856.7","5,760.0","5,730.2","5,713.9","5,688.5","5,607.1","5,608.4","5,558.3","5,564.3","5,497.6","5,449.9","5,401.7","5,310.7","5,253.2","5,254.3","5,255.6","5,249.1","5,236.5","5,251.1","5,226.0","5,236.9","5,240.4","5,210.7"
"1.2.3.4.2. 예금은행 지역별 가계대출(말잔)","  기타대출-예금은행","경남","십억원","원자료","5,282.1","5,241.7","5,219.6","5,301.1","5,338.8","5,389.3","5,394.5","5,427.7","5,422.9","5,547.5","5,614.6","5,672.1","5,580.5","5,596.2","5,578.8","5,609.3","5,648.8","5,681.9","5,646.0","5,529.6","5,640.3","5,715.5","5,800.3","5,871.8","5,816.7","5,775.6","5,786.1","5,851.8","5,935.8","6,018.8","6,092.0","6,190.7","6,235.1","6,347.0","6,459.1","6,542.6","6,524.1","6,482.3","6,493.6","6,552.0","6,662.6","6,800.9","6,835.6","7,008.7","7,000.2","7,113.2","7,226.0","7,308.4","7,253.3","7,313.1","7,323.0","7,377.0","7,499.6","7,606.2","7,681.7","7,777.9","7,835.5","7,962.5","8,074.2","8,142.3","8,175.8","8,134.7","8,161.2","8,255.5","8,325.1","8,370.0","8,424.8","8,521.4","8,510.2","8,631.5","8,694.0","8,724.2","8,670.8","8,661.7","8,618.8","8,623.4","8,682.3","8,679.2","8,694.6","8,733.9","8,713.5","8,752.5","8,844.2","8,900.7","8,801.9","8,819.5","8,859.9","8,825.3","8,849.1","8,929.5","8,987.2","9,152.8","9,211.0","9,345.9","9,540.1","9,702.4","9,684.5","9,682.5","9,722.9","9,913.9","9,847.0","9,898.7","9,862.0","9,878.9","9,826.1","9,793.7","9,790.5","9,682.4","9,538.0","9,380.9","9,255.2","9,211.4","9,194.0","9,069.3","8,980.0","8,910.1","8,768.0","8,709.5","8,627.0","8,467.8","8,244.8","8,184.5","8,065.0","7,972.8","7,961.0","7,910.1","7,879.4","7,864.0","7,795.2","7,800.3","7,769.4","7,672.6","7,577.9","7,449.5","7,375.1","7,415.5","7,449.5","7,501.7","7,501.7","7,552.0","7,527.5","7,547.8","7,543.9","7,511.8"
"1.2.3.4.2. 예금은행 지역별 가계대출(말잔)","  기타대출-예금은행","제주","십억원","원자료","1,334.1","1,312.8","1,290.0","1,291.6","1,295.3","1,302.6","1,304.1","1,305.8","1,300.5","1,306.2","1,324.9","1,356.2","1,338.5","1,335.1","1,322.6","1,331.0","1,340.8","1,365.0","1,374.4","1,385.5","1,406.6","1,439.8","1,484.6","1,544.4","1,554.2","1,573.3","1,592.9","1,617.9","1,655.7","1,720.1","1,764.3","1,807.5","1,852.6","1,909.7","1,976.9","2,088.4","2,130.4","2,167.2","2,229.8","2,303.6","2,389.0","2,479.3","2,566.8","2,677.7","2,767.2","2,872.3","3,010.9","3,132.0","3,242.8","3,330.9","3,428.1","3,549.3","3,674.1","3,789.3","3,858.0","3,944.7","4,028.6","4,129.4","4,204.8","4,283.9","4,326.5","4,372.1","4,466.4","4,533.4","4,616.5","4,691.8","4,763.8","4,860.1","4,931.3","5,061.9","5,160.4","5,187.2","5,179.9","5,186.1","5,193.4","5,200.9","5,219.9","5,228.9","5,268.3","5,294.8","5,326.2","5,380.6","5,440.8","5,483.4","5,460.0","5,477.6","5,486.4","5,494.5","5,504.5","5,578.3","5,634.7","5,683.0","5,727.3","5,769.9","5,836.5","5,858.9","5,868.9","5,884.8","5,883.5","5,970.1","5,964.1","5,966.3","5,949.4","5,943.7","5,926.2","5,902.2","5,887.2","5,862.8","5,803.7","5,729.3","5,664.3","5,619.0","5,580.3","5,529.6","5,473.0","5,425.5","5,369.6","5,315.8","5,270.4","5,207.6","5,139.6","5,099.2","5,022.6","4,974.7","4,946.4","4,892.2","4,869.3","4,852.0","4,815.7","4,802.1","4,779.3","4,730.4","4,695.5","4,643.0","4,585.1","4,574.8","4,562.3","4,538.9","4,535.6","4,552.1","4,553.0","4,566.5","4,562.8","4,547.2"
"1.2.3.4.2. 예금은행 지역별 가계대출(말잔)","  기타대출-예금은행","세종","십억원","원자료","189.0","194.2","205.7","212.4","227.4","238.1","251.2","262.0","273.1","280.0","285.4","295.0","319.0","326.0","331.4","332.9","340.7","352.2","359.5","363.8","364.6","376.3","393.9","403.0","408.6","456.4","417.1","423.5","436.2","457.5","477.8","490.0","509.5","533.6","541.9","553.1","571.9","581.7","596.7","612.2","645.9","669.1","682.8","706.8","719.4","740.5","764.0","763.8","772.8","785.5","791.6","809.8","828.4","854.6","874.5","896.7","910.4","925.4","945.5","955.7","977.4","988.5","1,007.0","1,022.6","1,052.9","1,070.3","1,085.0","1,108.4","1,116.0","1,140.0","1,152.8","1,156.0","1,159.4","1,167.3","1,168.9","1,172.6","1,185.0","1,205.8","1,223.4","1,260.8","1,282.9","1,283.1","1,335.6","1,352.0","1,367.8","1,392.7","1,419.9","1,437.4","1,461.2","1,502.3","1,544.7","1,613.9","1,679.2","1,718.3","1,783.4","1,799.2","1,822.6","1,846.9","1,859.4","1,917.9","1,902.5","1,931.0","1,938.5","1,948.7","1,951.5","1,946.8","1,947.3","1,930.2","1,913.1","1,879.5","1,851.0","1,835.3","1,826.4","1,811.3","1,782.2","1,763.5","1,739.0","1,716.6","1,729.5","1,702.9","1,660.6","1,637.5","1,605.0","1,608.3","1,597.1","1,583.6","1,572.8","1,565.0","1,546.1","1,484.6","1,473.6","1,433.8","1,416.8","1,392.3","1,371.6","1,366.0","1,357.8","1,370.3","1,360.9","1,361.4","1,358.7","1,359.3","1,356.2","1,348.7"
